net,length_um
clknet_0_clk,515.68
_1052_,374.16
_0813_,358.74
net5,321.81
_1795_,319.21
_1689_,296.72
_1856_,294.92
net63,287.83
_0726_,272.74
_1618_,271.91
_1439_,267.56
net15,264.98
_4241_,259.42
_2124_,256.8
_1335_,256.18
net34,252.77
_3995_,249.745
_3348_,249.33
_1679_,248.83
net19,245.2
_0643_,243
_1889_,240.005
net61,235.86
_4154_,235
_0390_,233.53
_0629_,229.2
net2,228.8
_3341_,228.54
_1723_,227.66
net64,226.12
_1134_,223.56
_0630_,223.34
_1033_,221.24
net17,219.94
_1822_,219.12
_1005_,217.13
_0635_,216.79
net20,216.15
_1385_,212.66
_0645_,207.84
_1012_,206.96
_4177_,206.09
_2071_,205.6
_1597_,205.51
_0505_,205.015
net40,204.46
_1970_,204.3
net14,204.3
_4172_,203.97
net264,201.76
net24,200.895
_4071_,198.01
_1964_,197.54
_2384_,193.54
_0388_,193.42
_0651_,192.6
_0660_,192.47
_1676_,191.35
net3,189.81
_3329_,188.4
_0637_,186.29
net12,186.02
net11,185.04
_3328_,184.38
net39,184.12
_0633_,182.84
_0627_,180.88
_1865_,179.79
_0616_,178.32
_4174_,174.9
_2276_,174.84
_4158_,174.26
_1533_,174.16
_0619_,171.68
_4156_,169.96
_4165_,169.505
_2230_,168.78
_0649_,168.63
_4173_,168.6
_4193_,166.97
net4,165.56
_0534_,165.04
_0653_,164.42
_0639_,162.9
_2296_,162.78
_4083_,162.275
_3787_,161.09
_1275_,160.845
clk,160.51
_4155_,159.45
net62,158.48
net41,158.28
_4167_,158.18
_0550_,157.48
_1570_,156.76
_0971_,156.755
_1258_,156.26
_3119_,156.22
_2489_,155.86
_2388_,154.28
net81,153.1
_2400_,152.825
_2111_,151.46
_0634_,151.38
_3338_,150.63
_0638_,148.5
net6,148.25
clknet_4_8_0_clk,147.54
_0961_,147.3
_0636_,147.26
_1486_,146.54
_0776_,146.52
_3333_,146.29
_0494_,146
_0367_,145.97
_4187_,145.3
_4094_,145.28
_0648_,144.94
_4130_,143.26
_4175_,143.1
_0591_,142.76
_0657_,142.7
_4150_,142.04
net25,141.84
_2172_,141.6
_0650_,140.265
_0656_,140.26
_0335_,139.92
clknet_4_9_0_clk,139.44
_1294_,139.26
_1582_,139.155
_1456_,137.9
net67,136.66
_0906_,135.5
_0872_,134.8
_0339_,134.58
_0515_,134.22
_0770_,133.56
_0464_,133.52
net33,133.52
net7,132.75
_0628_,132.63
_0655_,132.28
_4171_,131.98
net66,131.42
net101,129.83
_1484_,129.64
_0556_,129.355
_0527_,129.22
_0587_,128.26
net65,127.94
_4186_,126.92
_0469_,126.82
_2302_,126.79
_1568_,126.02
_1231_,125.84
_2524_,125.64
_2558_,124.82
_3997_,124.79
_0561_,124.58
_0376_,124.5
_1334_,124.36
_4107_,124.22
_3342_,124.02
clknet_4_12_0_clk,123.84
_0722_,123.76
_0344_,123.7
_2402_,123.04
_0694_,122.44
_2283_,122.4
_4199_,122.4
clknet_4_2_0_clk,122.14
net9,122.115
_4157_,121.9
_0614_,121.64
_3118_,121.6
net26,121.18
_4160_,120.54
_0570_,120.42
_2403_,120.12
_0480_,119.895
_4034_,119.5
_1121_,119.03
_0238_,118.88
net13,118.88
_1221_,118.68
clknet_4_0_0_clk,118.54
_0405_,118.33
net35,118.26
_4176_,118.13
_0372_,118.055
_0924_,117.74
_2101_,117.28
clknet_4_13_0_clk,116.92
_0658_,116.42
_4019_,116.38
_0445_,115.69
_1455_,115.4
_0573_,115.2
_4149_,114.91
_0383_,114.815
_0595_,114.6
net71,114.44
net36,114.42
_4033_,113.94
_2390_,113.68
_4166_,113.525
_3996_,113.44
_4163_,113.35
_1837_,113.32
_0646_,112.88
_2287_,112.75
_4164_,112.22
_4056_,112.02
_0620_,111.86
_0800_,111.66
_4072_,111.38
clknet_4_11_0_clk,111.36
_2392_,110.68
_1700_,110.615
_4070_,108.58
clknet_4_7_0_clk,107.78
_3709_,107.42
_0789_,107.32
net32,106.91
_1694_,106.86
_2917_,106.56
net99,106.1
clknet_4_5_0_clk,105.86
_2389_,105.8
net22,105.78
_2399_,105.6
_3334_,104.515
_4200_,104.505
_4045_,104.02
_1021_,103.825
_3660_,103.48
net92,103.22
_0625_,102.855
_0647_,102.76
_4008_,102.44
_1035_,102
_0428_,101.3
net27,101.26
_1120_,100.76
_2095_,100.505
_4147_,100.34
_2391_,100.22
_0549_,99.64
_0512_,99.47
clknet_4_1_0_clk,98.895
_0952_,98.62
_1264_,98.52
_4069_,98.04
_1492_,97.8
_0555_,97.68
_2100_,97.57
_0626_,97.04
_0427_,96.98
_1766_,96.8
_1823_,96.69
net100,96.49
_3347_,96.42
clknet_4_3_0_clk,96.06
_0618_,94.98
_2396_,94.48
reset,94.47
clknet_4_14_0_clk,94
_0691_,93.9
_1262_,93.7
_2387_,92.88
_1818_,92.83
net28,92.54
_2393_,92.26
_3822_,91.98
net83,91.88
_2102_,91.53
_1031_,91.5
_1256_,91.12
_0355_,90.9
net38,90.74
_0502_,90.64
_4108_,90.32
clknet_4_6_0_clk,89.86
clknet_4_10_0_clk,89.46
_2394_,89.2
net59,89.08
_0753_,88.98
_4179_,88.86
_1020_,88.72
_2238_,88.58
net29,88.54
_0624_,88.25
_4119_,88.1
net31,88.04
_0369_,87.72
_3018_,87.22
net30,87.04
_0539_,86.04
_2401_,85.68
net37,85.6
_2397_,85.575
_2592_,85.46
_4148_,85.46
net90,85.24
net87,85.1
_3988_,85.04
_1824_,84.84
_2698_,84.36
_1569_,83.84
_0444_,83.69
_2395_,83.36
_1029_,83.3
_2779_,83.24
_1170_,82.88
_0468_,82.735
_0518_,81.45
_3811_,81.38
_2262_,80.84
clknet_4_4_0_clk,80.78
_1053_,80.66
_0684_,79.64
_0940_,79.38
net70,79.28
_2089_,78.96
_0622_,78.86
_0358_,78.31
clknet_4_15_0_clk,78.3
net114,78.04
net8,77.87
_1011_,77.49
rf.registers\[25\]\[17\],76.82
net91,76.78
_2090_,76.17
_1116_,76.1
_2627_,76.055
_1372_,75.48
net69,75.48
_2589_,75.38
_0564_,74.92
display.refresh_counter\[19\],74.645
_4239_,74.52
_0854_,74.34
_2070_,73.92
_0925_,73.78
net82,73.56
_0544_,73.16
_0682_,72.88
_3854_,72.65
_4313_,72.6
_4194_,72.08
_0715_,71.9
_0346_,71.72
rf.registers\[25\]\[18\],71.2
net113,71.14
_2386_,71.02
_2569_,71
_1980_,70.5
_2605_,70.5
_0644_,70.46
_0683_,70.3
_1699_,70.3
display.refresh_counter\[17\],70.18
_3659_,69.6
net75,69.6
_0476_,69.42
_2094_,69.34
_4188_,69.24
_1142_,69.11
_4182_,69.04
_0490_,68.94
_2816_,68.83
net96,68.62
_0448_,68.4
_0533_,68.38
net10,68.38
_0479_,68.36
_2208_,68.36
rf.registers\[25\]\[15\],68.2
_0477_,68.11
_0736_,68.04
_1961_,67.97
_0504_,67.94
_3929_,67.58
_4143_,67.51
net21,67.26
net68,67.14
_0853_,67.06
_2621_,67.02
_0623_,66.505
imem.address\[0\],66.47
_0718_,66.18
_4318_,65.88
_2420_,65.6
_2939_,65.6
net74,65.5
_3117_,65.18
_0876_,65.04
_4168_,64.91
_3926_,64.56
net105,64.56
net88,63.68
_0954_,63.56
_1163_,62.84
_0491_,62.61
net89,62.46
_0493_,62.38
_3337_,62.375
_3732_,62.14
_0642_,62.1
_2626_,62.08
_0520_,61.88
_0709_,61.72
_2616_,61.72
_4208_,61.34
_2607_,61.02
_0357_,60.95
_0485_,60.94
_1249_,60.48
_2741_,60.44
rf.registers\[25\]\[19\],60.44
_1037_,60.08
_3031_,59.74
_3116_,59.66
_2911_,59.58
rf.registers\[25\]\[14\],59.52
_0461_,59.5
_0679_,59.42
_0856_,59.08
_1692_,58.9
net110,58.84
_1182_,58.82
_3000_,58.42
_0659_,58.38
_1409_,58.38
_0514_,58.36
_4243_,58.36
_2968_,58.06
_1329_,58.02
_2075_,57.76
_0995_,57.66
_0501_,57.62
net1,57.54
_4272_,57.46
_1566_,57.4
_0526_,57.2
_1693_,56.96
_2398_,56.85
_0609_,56.76
_4244_,56.59
_2437_,56.44
_2458_,56.2
_2733_,56.09
_2668_,55.82
_2612_,55.72
_0915_,55.56
_1252_,55.44
_2409_,55.23
_0769_,55.21
_1229_,55.02
_0909_,54.98
_0926_,54.86
_0908_,54.78
net57,54.78
_1244_,54.66
_0575_,54.58
_0521_,54.5
_0785_,54.38
_2257_,54.36
_4275_,54.08
_2774_,53.8
_2233_,53.6
_2372_,53.46
_1156_,53.42
_0667_,53.035
_1904_,53
_2804_,52.98
_1034_,52.96
_1565_,52.89
_0296_,52.7
net53,52.66
_3928_,52.64
_0941_,52.42
_2312_,52.04
_0332_,51.86
_1412_,51.7
_1567_,51.46
_2076_,51.39
_0734_,51.34
_3059_,51.08
_2117_,51.02
_0572_,50.74
_2464_,50.41
_3990_,50.36
_4308_,50.36
_0255_,50.2
_4257_,49.875
_1195_,49.28
_1417_,49.185
_0237_,48.82
_1578_,48.82
_0735_,48.76
_2219_,48.6
_0673_,48.58
_2854_,48.54
_3372_,48.54
_1960_,48.52
_2405_,48.5
rf.registers\[25\]\[16\],48.46
_1651_,48.4
_1724_,48.345
_2109_,48.315
_2526_,48.1
_3093_,48
_2422_,47.94
_2696_,47.89
_2428_,47.82
_4268_,47.66
_2239_,47.5
_1838_,47.42
net18,47.26
_1952_,47.18
_0398_,46.94
_0992_,46.88
_0569_,46.84
_1687_,46.84
_3873_,46.81
_3369_,46.56
_1532_,46.5
_2180_,46.44
_0532_,46.38
_0889_,46.02
_1114_,45.94
_1044_,45.8
_1189_,45.66
_4203_,45.26
_3771_,45.22
_4321_,45.06
_0685_,45.02
_1220_,44.98
_3758_,44.98
_4191_,44.86
_2593_,44.5
_0243_,44.38
_4251_,44.38
_4254_,44.38
_0248_,44.36
_2051_,44.3
_0583_,43.96
_2258_,43.86
_3389_,43.855
net16,43.78
_4259_,43.46
_1726_,43.4
_1115_,43.38
_4332_,43.3
_0807_,43.19
_3785_,42.94
_4202_,42.94
_1094_,42.88
_2583_,42.72
_2024_,42.46
_0720_,42.42
_4265_,42.32
_0577_,42.28
_3812_,42.195
_0739_,42.14
_1695_,42.06
_2324_,42.02
_4278_,41.98
_1968_,41.96
rf.registers\[25\]\[10\],41.66
_2724_,41.54
_1912_,41.5
_1104_,41.42
imem.address\[4\],41.3
_4323_,41.24
_1959_,41.2
_3704_,41.16
_1773_,41.04
_1843_,41.04
_0864_,40.87
_2339_,40.44
_1953_,40.38
_1259_,40.28
_2433_,40.16
_4328_,40.06
_1214_,39.92
_0900_,39.86
_0676_,39.82
_0844_,39.7
_4196_,39.65
_1477_,39.575
_0725_,39.5
_0974_,39.42
_0959_,39.4
_2157_,39.32
_1356_,39.16
_0980_,39.08
_1684_,38.9
_2532_,38.8
_1581_,38.78
_1602_,38.7
_1881_,38.5
imem.address\[2\],38.48
_1809_,38.44
_1286_,38.4
_0387_,38.38
_1406_,38.36
_0252_,38.35
_1732_,38.3
_0507_,38.28
_1652_,37.86
_1621_,37.72
_1118_,37.7
_1319_,37.66
_1610_,37.64
_4235_,37.6
_4306_,37.58
_0511_,37.54
_3834_,37.38
_0930_,37.34
_1735_,37.3
_0857_,37.28
_2376_,37.28
_1941_,37.26
_2823_,37.18
_1349_,37.17
_2227_,37.14
_1175_,37.06
_1625_,37.06
_2566_,36.94
_1060_,36.88
_2645_,36.88
_2300_,36.85
_2088_,36.8
_2026_,36.7
_1435_,36.64
_4270_,36.64
_1353_,36.52
_2192_,36.43
_2744_,36.42
_1740_,36.36
_4299_,36.36
_0363_,36.3
_3395_,36.3
_0235_,36.26
_0525_,36.18
_4237_,36.12
_2272_,36.1
_2988_,35.94
_2318_,35.88
_3679_,35.78
_1645_,35.64
_0698_,35.6
_3684_,35.52
_0607_,35.46
net23,35.44
_1524_,35.42
_1813_,35.42
_2061_,35.31
_1274_,35.26
_2457_,35.26
_1768_,35.24
_3145_,35.22
_1888_,35.2
_2555_,35.06
_2518_,35.02
_1873_,34.76
_2432_,34.62
_4162_,34.52
_0788_,34.5
_1472_,34.44
_1832_,34.42
_1794_,34.41
_0601_,34.3
_2762_,34.28
_1887_,34.24
_1834_,34.2
_1663_,34.19
_1167_,34.02
_0870_,33.94
_0222_,33.92
_1089_,33.9
_2203_,33.88
_2084_,33.84
_1490_,33.78
_1958_,33.69
_1318_,33.66
_3493_,33.66
_1521_,33.6
_3386_,33.56
_2717_,33.54
_2118_,33.52
_1298_,33.38
_0492_,33.34
_1431_,33.28
_1630_,33.22
_1599_,33.2
_3960_,33.16
_2254_,33.12
_2456_,33.11
_1367_,33.1
_0229_,33.08
_1332_,33
_2013_,33
_2429_,33
_4204_,32.98
_2147_,32.91
_0295_,32.88
_0337_,32.88
_2644_,32.88
_1875_,32.82
_1805_,32.8
_1512_,32.72
_1240_,32.7
_0686_,32.62
_0810_,32.54
_2515_,32.54
_3735_,32.54
_3675_,32.525
_4178_,32.46
_2314_,32.32
_2122_,32.18
_0447_,32.04
_0968_,32.04
_4319_,31.98
_0466_,31.96
_1333_,31.96
_1446_,31.92
_2114_,31.92
_1502_,31.9
_0804_,31.88
_1151_,31.88
_1482_,31.86
_3717_,31.85
_1979_,31.8
_1867_,31.78
_0349_,31.74
_0947_,31.74
_1085_,31.74
_0839_,31.72
_1588_,31.64
_0896_,31.6
_0225_,31.58
_2676_,31.56
_1283_,31.54
_0689_,31.52
_3747_,31.4
_1779_,31.34
_2702_,31.3
_2475_,31.28
_0496_,31.2
_3972_,31.08
_1323_,31.06
_1358_,31.02
_3951_,30.98
_4210_,30.94
_2166_,30.92
_0604_,30.86
_3127_,30.86
_2646_,30.85
_1427_,30.8
_1184_,30.72
_3869_,30.68
_2477_,30.55
_3661_,30.38
net60,30.36
_2261_,30.34
_2745_,30.28
_1527_,30.22
_1032_,30.14
_4283_,30.12
_2961_,30.08
_0884_,30.06
_4262_,30.02
_1380_,29.96
_0860_,29.94
_2240_,29.905
_0998_,29.82
_4330_,29.82
_3350_,29.76
_3725_,29.76
_0436_,29.66
_0791_,29.66
_1080_,29.63
_4181_,29.61
_0256_,29.6
_0919_,29.53
_0415_,29.52
_2064_,29.52
_3782_,29.49
_1336_,29.48
_4232_,29.48
_3176_,29.4
_1963_,29.38
_3125_,29.38
_3247_,29.36
_4316_,29.36
_0834_,29.34
_0566_,29.28
_2232_,29.28
_1915_,29.26
_1165_,29.24
_2174_,29.2
_1327_,29.14
_0792_,29.12
_3043_,29.12
_3058_,29.12
_3736_,29.12
_1078_,29.1
_0543_,29.08
_3089_,29.02
_1518_,28.96
_3970_,28.96
_1974_,28.92
_3650_,28.9
_1690_,28.82
_1972_,28.76
_1880_,28.74
_1893_,28.74
_2564_,28.69
_1126_,28.66
_1461_,28.66
_3122_,28.64
_4326_,28.62
_1884_,28.58
_3740_,28.5
_0440_,28.48
_2327_,28.44
_2106_,28.42
_1929_,28.4
_3658_,28.4
_2248_,28.32
_3980_,28.32
_0399_,28.3
_0465_,28.23
_2096_,28.2
_2461_,28.2
_3251_,28.12
_1498_,28.1
_2171_,28.1
_1515_,28.04
_1803_,28.03
_2452_,28.02
_0910_,27.94
_2049_,27.94
_2595_,27.94
_1640_,27.92
_1703_,27.86
_1401_,27.76
_3003_,27.66
_0746_,27.64
_2295_,27.64
_2729_,27.62
_1682_,27.56
_2602_,27.54
_1225_,27.5
_3931_,27.48
_1265_,27.465
_3721_,27.44
_1462_,27.42
_0907_,27.36
_2127_,27.36
_0458_,27.32
_3106_,27.32
_1325_,27.24
_2364_,27.22
_1046_,27.16
_2382_,27.16
_1278_,27.14
_0586_,27.1
_1616_,27.1
_2027_,27.1
_4261_,27.08
_2740_,27.06
_2727_,27.02
_1305_,27
_1563_,27
_0368_,26.96
_1542_,26.96
_2215_,26.96
_2039_,26.94
_3319_,26.94
_1731_,26.92
_1702_,26.9
_0852_,26.895
_3927_,26.88
imem.address\[3\],26.74
_0374_,26.72
_3458_,26.7
_0990_,26.62
_4271_,26.6
_3299_,26.54
_1421_,26.52
_3041_,26.52
_2140_,26.46
_1906_,26.44
_1746_,26.42
_0336_,26.4
_1107_,26.36
_0456_,26.32
_0475_,26.22
_2033_,26.14
_3273_,26.1
_2249_,26.095
_2358_,26.06
_3789_,26.06
_3806_,26.06
_0944_,26.02
_3305_,26.02
_0951_,25.92
_3069_,25.88
_1745_,25.8
_1901_,25.78
_0227_,25.74
_1466_,25.72
_2454_,25.7
_2786_,25.68
_3984_,25.66
_0488_,25.64
_3327_,25.6
_3541_,25.6
_1853_,25.56
_3082_,25.54
_3605_,25.52
_0707_,25.5
_2539_,25.48
_2321_,25.44
_2010_,25.42
_3976_,25.36
_1863_,25.34
_2099_,25.32
_4214_,25.28
_1894_,25.27
_0669_,25.2
_4201_,25.2
_1741_,25.18
_1369_,25.16
_4290_,25.14
_2184_,25.1
_4288_,25.08
_0851_,25.06
_2669_,25.035
_3033_,24.74
_0352_,24.72
_0250_,24.7
_0705_,24.68
_3123_,24.66
_4284_,24.66
_2638_,24.6
_3381_,24.6
_0382_,24.56
_2736_,24.56
_2787_,24.56
_3233_,24.54
_1786_,24.515
_2853_,24.5
_1860_,24.48
_4226_,24.42
_4273_,24.4
_3564_,24.38
_0582_,24.36
_3741_,24.32
_2928_,24.3
_3107_,24.3
_1277_,24.26
_0435_,24.16
_1989_,24.1
_3171_,24.06
_3446_,24.06
_0936_,24
_3825_,23.945
_0938_,23.94
_1117_,23.92
_1222_,23.84
rf.registers\[10\]\[10\],23.84
_3035_,23.8
_1370_,23.795
_0847_,23.76
_2040_,23.76
_2265_,23.72
_2858_,23.71
_1129_,23.7
_3555_,23.7
_1800_,23.68
_4255_,23.68
_0234_,23.64
_0401_,23.64
_2288_,23.64
_2361_,23.64
_0433_,23.52
_0594_,23.52
_0893_,23.5
_4234_,23.44
_1086_,23.42
_4197_,23.34
_1043_,23.32
_0816_,23.295
rf.registers\[5\]\[0\],23.28
_2600_,23.24
_3766_,23.18
_3768_,23.18
_1077_,23.14
_3412_,23.1
_2045_,23.08
_0993_,23.06
_1758_,23.04
_1846_,23.02
_2260_,23
_0371_,22.96
_2599_,22.92
_1855_,22.91
_1253_,22.895
_2029_,22.885
_2354_,22.88
rf.registers\[5\]\[2\],22.88
_2883_,22.8
_1191_,22.78
_1617_,22.74
_2542_,22.73
_4211_,22.72
_0551_,22.7
_3188_,22.7
_0379_,22.66
_1001_,22.66
_1063_,22.64
_1513_,22.6
_2128_,22.6
_3824_,22.6
_0360_,22.58
_1027_,22.56
_2175_,22.56
_1573_,22.5
_1816_,22.5
_1908_,22.5
_2752_,22.5
_2788_,22.5
_0446_,22.46
_2019_,22.44
_2648_,22.42
_3752_,22.42
_1341_,22.4
_1759_,22.38
_1050_,22.36
net265,22.35
_1655_,22.34
_1136_,22.32
_2178_,22.3
_3087_,22.3
_2913_,22.26
_4325_,22.26
_1607_,22.24
_3227_,22.24
_3962_,22.24
_2054_,22.14
_0403_,22.1
_3015_,22.08
_4229_,22.01
_1557_,22
_1206_,21.98
_4206_,21.98
_0948_,21.975
_0232_,21.92
_1857_,21.9
_0939_,21.88
_1753_,21.86
_4180_,21.86
_0150_,21.82
_3394_,21.8
_2507_,21.76
_2522_,21.76
_3325_,21.76
_1065_,21.74
_2914_,21.74
_2679_,21.72
_3308_,21.72
_1519_,21.68
_2476_,21.68
_1176_,21.66
_3663_,21.66
_3699_,21.64
_2965_,21.635
_0467_,21.62
_2235_,21.56
_0956_,21.52
_0766_,21.48
_1673_,21.46
_1295_,21.45
_2274_,21.45
_2935_,21.4
_3219_,21.4
_3778_,21.4
_1056_,21.38
_2375_,21.36
_3365_,21.36
_1658_,21.32
_3068_,21.32
_4248_,21.32
_1226_,21.3
_3986_,21.3
_3152_,21.28
_0874_,21.24
_2810_,21.22
_3352_,21.22
_2720_,21.2
_2694_,21.16
_3097_,21.16
_2496_,21.14
_1718_,21.12
_2183_,21.12
_1017_,21.11
_3439_,21.1
_4152_,21.1
_1755_,21.08
display.refresh_counter\[1\],21.08
_1179_,21.04
_1103_,21.02
_2550_,21.02
rf.registers\[25\]\[26\],21
_2865_,20.98
_0897_,20.96
_3331_,20.94
_4228_,20.94
_3411_,20.9
_4246_,20.88
_2290_,20.84
_3695_,20.84
_4294_,20.82
_0552_,20.8
_1438_,20.8
_0437_,20.78
_1125_,20.78
_3982_,20.72
_3804_,20.7
_4212_,20.7
_0966_,20.68
_1124_,20.68
_3175_,20.67
_0838_,20.63
_0414_,20.62
_0942_,20.62
_2301_,20.62
rf.registers\[25\]\[27\],20.62
_2195_,20.6
rf.registers\[10\]\[2\],20.58
_0472_,20.56
_2356_,20.54
_1596_,20.5
_3094_,20.5
_2131_,20.48
_2874_,20.475
_1183_,20.46
_3607_,20.46
rf.registers\[15\]\[18\],20.44
_0731_,20.42
_2916_,20.4
_3379_,20.4
_3737_,20.4
_2474_,20.36
_2984_,20.36
_1501_,20.32
_3357_,20.32
rf.registers\[25\]\[11\],20.32
_0392_,20.3
_0764_,20.3
_1343_,20.28
_1782_,20.26
_3320_,20.26
_2718_,20.24
_1820_,20.2
_1774_,20.16
_1864_,20.1
_0580_,20.08
_1407_,20.08
_2015_,20.08
_2412_,20.08
_2499_,20.04
_3239_,20.04
_2000_,20
_4277_,20
_0343_,19.98
_3053_,19.98
_1845_,19.96
_2187_,19.94
_2413_,19.94
_3005_,19.93
_3064_,19.92
_2492_,19.9
_2776_,19.9
_2942_,19.9
_3277_,19.9
_3377_,19.9
_4217_,19.9
_2517_,19.88
_3550_,19.86
_1284_,19.84
_1949_,19.82
_3136_,19.82
_3648_,19.82
_2107_,19.78
_3100_,19.78
_3627_,19.76
_2222_,19.73
_3420_,19.73
_2226_,19.72
_2115_,19.7
_3561_,19.7
_2149_,19.68
_2480_,19.68
_3580_,19.68
_1054_,19.67
_0929_,19.66
_1203_,19.66
_2304_,19.66
_3722_,19.63
_1648_,19.62
_4291_,19.54
_0799_,19.52
_2004_,19.5
_3453_,19.5
_3748_,19.5
_2377_,19.46
_2414_,19.46
_2710_,19.425
_3769_,19.4
_3957_,19.4
_3775_,19.38
_3332_,19.36
_0406_,19.33
_2960_,19.32
_1196_,19.3
_1981_,19.3
_2777_,19.3
_1956_,19.28
_2273_,19.26
_3652_,19.26
rf.registers\[10\]\[1\],19.24
_3599_,19.22
_1382_,19.18
_3230_,19.18
_3212_,19.17
_2753_,19.16
_2763_,19.16
_1622_,19.1
_3260_,19.08
_4286_,19.06
_2345_,19.04
_2666_,19
_3165_,18.995
_0794_,18.98
_0902_,18.98
_1924_,18.98
_2333_,18.98
_2940_,18.96
_0955_,18.94
_3265_,18.94
_3441_,18.92
rf.registers\[25\]\[7\],18.92
_2148_,18.9
_1930_,18.87
_2578_,18.86
_2812_,18.86
_2944_,18.86
_3317_,18.86
_2767_,18.84
_1468_,18.82
_0976_,18.78
_2459_,18.78
_2972_,18.78
_3618_,18.78
_0981_,18.765
_1308_,18.76
_4322_,18.76
_0590_,18.74
_0713_,18.74
_1331_,18.74
_2479_,18.74
_3071_,18.74
_3707_,18.72
_1506_,18.7
_2066_,18.7
_0538_,18.68
_2284_,18.66
_3964_,18.66
_1712_,18.64
_3596_,18.64
_3643_,18.615
rf.registers\[25\]\[12\],18.6
_1302_,18.58
_0849_,18.57
_3666_,18.565
_2152_,18.56
_2974_,18.56
rf.registers\[10\]\[17\],18.56
_1292_,18.54
_1507_,18.54
_1306_,18.52
_1414_,18.52
_1933_,18.52
_2678_,18.52
_0413_,18.5
_4112_,18.5
_2759_,18.495
_0395_,18.48
_3576_,18.48
_1987_,18.44
_3548_,18.44
_2292_,18.42
_2488_,18.41
_1309_,18.4
_2091_,18.4
_2630_,18.38
_3430_,18.38
_2383_,18.36
_3414_,18.36
_3765_,18.34
_1538_,18.32
_1909_,18.32
_2263_,18.32
_4301_,18.32
_2629_,18.3
_3867_,18.3
rf.registers\[15\]\[1\],18.3
_0755_,18.28
_0772_,18.22
_1166_,18.22
_0366_,18.2
_3582_,18.2
_4219_,18.2
_2455_,18.18
_3690_,18.18
_3506_,18.17
_2325_,18.16
_3756_,18.14
_2417_,18.12
_0878_,18.1
_3780_,18.1
_2734_,18.08
_2445_,18.04
_2750_,18.03
_0508_,18.02
_3593_,18.02
_1993_,18
_2380_,17.92
_2617_,17.92
net115,17.92
_0779_,17.9
_2424_,17.9
_2622_,17.9
net76,17.9
_1666_,17.89
_0471_,17.86
_0830_,17.86
_1146_,17.86
_1491_,17.86
_3074_,17.86
_2549_,17.84
_3221_,17.84
_0356_,17.82
_1139_,17.82
_2415_,17.78
_2483_,17.78
_3158_,17.78
_0328_,17.76
_3326_,17.76
_3287_,17.74
_0266_,17.72
_1562_,17.72
_4032_,17.72
_1634_,17.66
_1859_,17.66
_2722_,17.64
_2141_,17.62
_3182_,17.62
_3801_,17.62
_0342_,17.6
_0500_,17.6
_0877_,17.58
_2142_,17.58
_3614_,17.56
_4146_,17.56
_2603_,17.525
_1419_,17.5
_3162_,17.5
_3353_,17.5
_2103_,17.485
_2340_,17.48
_2552_,17.48
_2798_,17.44
_3135_,17.42
_2658_,17.41
_3688_,17.36
_1990_,17.34
_3025_,17.34
rf.registers\[25\]\[21\],17.32
_0827_,17.3
_2465_,17.3
_3637_,17.3
_1976_,17.28
_3590_,17.28
_3893_,17.28
_2487_,17.26
_1426_,17.24
_1810_,17.24
_1662_,17.18
_2440_,17.18
_2672_,17.18
_2901_,17.18
_2995_,17.18
_1428_,17.14
_0922_,17.12
_2016_,17.1
_2950_,17.1
_3103_,17.1
_0345_,17.08
_2313_,17.08
_1632_,17.06
_3601_,17.06
rf.registers\[10\]\[28\],17.06
_0879_,17.02
_1171_,17.02
_2347_,17
_4238_,17
_3040_,16.99
_2494_,16.98
_3651_,16.98
_4296_,16.98
rf.registers\[15\]\[12\],16.98
_0340_,16.94
_1007_,16.94
_2237_,16.9
_1817_,16.895
_2129_,16.88
_3310_,16.88
_1546_,16.86
_2721_,16.86
_3022_,16.855
_0695_,16.8
_4185_,16.78
_3169_,16.74
_3692_,16.74
_3629_,16.72
rf.registers\[5\]\[12\],16.7
_2426_,16.68
_3114_,16.68
_3384_,16.68
_1815_,16.66
_0326_,16.64
_2328_,16.64
_1192_,16.63
_0742_,16.62
_2636_,16.62
_3624_,16.58
_0441_,16.56
_0903_,16.54
_1552_,16.54
_3255_,16.52
_4305_,16.52
_2659_,16.51
_0397_,16.5
_0425_,16.44
_2353_,16.44
_1772_,16.42
_3644_,16.42
_2902_,16.4
_2908_,16.4
_4205_,16.4
rf.registers\[25\]\[20\],16.4
_2903_,16.38
_1436_,16.36
_0540_,16.34
_2468_,16.34
net48,16.34
_1230_,16.32
_2497_,16.28
_3830_,16.28
_0462_,16.26
_0740_,16.26
_2970_,16.26
_3295_,16.26
_3460_,16.26
_3798_,16.26
_3810_,16.26
_4224_,16.26
_0226_,16.24
_0394_,16.24
_1241_,16.22
_1962_,16.22
_2999_,16.22
_3552_,16.18
_1376_,16.16
_1384_,16.14
_2938_,16.14
_2981_,16.1
_2545_,16.08
_2957_,16.08
_3216_,16.03
_1051_,16.02
_1143_,16.02
_1916_,16.02
_3030_,16.02
_3076_,16.02
_3715_,16.02
rf.registers\[25\]\[13\],16.02
_0442_,16
_0811_,15.98
_1589_,15.98
_1613_,15.98
_1840_,15.98
_0275_,15.96
_2882_,15.96
_3423_,15.96
_1534_,15.94
_4303_,15.94
rf.registers\[10\]\[31\],15.94
_1199_,15.92
_3398_,15.92
_3662_,15.9
_1574_,15.86
_3483_,15.86
_0422_,15.84
_1387_,15.84
_2609_,15.82
_3442_,15.78
_1944_,15.76
_2751_,15.76
_0240_,15.74
_2872_,15.74
_3484_,15.735
_1448_,15.72
_2769_,15.72
_0060_,15.705
_0760_,15.685
_0861_,15.68
_2828_,15.68
_3020_,15.68
_3772_,15.68
_1300_,15.64
_1804_,15.6
_2470_,15.6
seg[1],15.58
_1764_,15.56
_2712_,15.56
_3366_,15.56
_0254_,15.52
_2889_,15.52
_3210_,15.49
_1844_,15.48
_2080_,15.48
_4170_,15.46
_4231_,15.46
_3680_,15.44
rf.registers\[15\]\[15\],15.44
_2537_,15.43
_2700_,15.425
net46,15.42
_1397_,15.4
_2253_,15.4
_3890_,15.4
_4190_,15.4
_2708_,15.36
_1237_,15.34
_3011_,15.34
_3148_,15.34
_3373_,15.34
_3449_,15.34
display.refresh_counter\[2\],15.34
_0943_,15.32
_2614_,15.32
_2898_,15.3
_3568_,15.275
_0259_,15.26
_0711_,15.26
_3303_,15.26
_4266_,15.24
_1761_,15.22
_3795_,15.22
_1539_,15.2
_2471_,15.18
_3639_,15.18
_0664_,15.15
_1016_,15.14
_3978_,15.14
_2886_,15.12
_2307_,15.1
_2601_,15.1
_3901_,15.1
rf.registers\[10\]\[4\],15.1
_3335_,15.095
_0817_,15.08
_2069_,15.08
_2560_,15.08
_2633_,15.08
_1048_,15.06
_3120_,15.06
_3346_,15.055
_3527_,15.04
_1000_,15.02
_1925_,15.02
_1936_,15.02
_3499_,15.02
_4292_,15.02
_2807_,15.015
_1895_,15
_2880_,15
_2930_,15
_2993_,15
_0932_,14.96
_3278_,14.96
_3503_,14.96
_1014_,14.94
_1212_,14.94
_2743_,14.94
_4280_,14.94
display.refresh_counter\[10\],14.94
net109,14.94
_0537_,14.92
_1322_,14.92
_2876_,14.92
_3817_,14.92
_3245_,14.905
_0416_,14.9
_1709_,14.9
_1988_,14.9
_2829_,14.9
_1765_,14.88
_3875_,14.88
_2690_,14.86
_3128_,14.86
_0289_,14.85
_2642_,14.84
_3685_,14.84
net54,14.84
_2529_,14.82
_2964_,14.82
_0347_,14.8
_1285_,14.8
_2766_,14.8
_1339_,14.78
_2855_,14.78
display.refresh_counter\[18\],14.78
_0975_,14.76
_2341_,14.76
_3049_,14.76
_3282_,14.76
_3530_,14.76
_1535_,14.755
_3002_,14.72
_0402_,14.7
_1072_,14.68
_3473_,14.68
rf.registers\[15\]\[19\],14.68
_2749_,14.64
_3056_,14.64
_3578_,14.64
_3881_,14.64
rf.registers\[15\]\[5\],14.64
_2031_,14.635
_0400_,14.62
_2725_,14.58
net107,14.58
_1450_,14.56
_2034_,14.54
_2929_,14.54
_2992_,14.54
_2557_,14.52
_0283_,14.5
_3387_,14.5
_2163_,14.48
_3037_,14.48
_3448_,14.48
rf.registers\[15\]\[6\],14.48
_0305_,14.46
_2933_,14.46
rf.registers\[25\]\[6\],14.46
_0370_,14.44
_1674_,14.44
_3851_,14.425
_3172_,14.42
rf.registers\[15\]\[4\],14.42
rf.registers\[25\]\[25\],14.42
rf.registers\[5\]\[3\],14.42
_1900_,14.41
_1236_,14.4
_2822_,14.4
_3203_,14.4
_3226_,14.4
_3142_,14.38
_0303_,14.36
_1389_,14.36
_1299_,14.34
_3456_,14.335
_2899_,14.32
_0662_,14.3
_2177_,14.3
_2363_,14.3
_3340_,14.3
_3044_,14.28
_3974_,14.28
_0855_,14.275
_0280_,14.26
_3858_,14.24
rf.registers\[15\]\[23\],14.22
_3078_,14.2
_0459_,14.18
_2885_,14.18
_2989_,14.18
_3199_,14.18
_1601_,14.16
_1614_,14.14
_1957_,14.14
_3336_,14.14
_3558_,14.14
_2250_,14.12
_0312_,14.11
_2850_,14.1
_4304_,14.08
rf.registers\[10\]\[15\],14.08
_1413_,14.06
rf.registers\[25\]\[0\],14.06
_2835_,14.05
_1260_,14.04
_1664_,14.04
_3072_,14.04
net43,14.04
_0455_,14.02
_3536_,14.02
_1780_,14
_3075_,14
_3101_,14
_1543_,13.98
_3478_,13.98
an[4],13.98
_0730_,13.96
_3912_,13.96
_3917_,13.96
_3434_,13.94
_3689_,13.94
_0967_,13.92
_1762_,13.92
_3290_,13.92
_4236_,13.92
_1483_,13.88
_1984_,13.88
_3344_,13.88
_3362_,13.88
_2662_,13.86
_2014_,13.855
_1245_,13.84
_2790_,13.84
_3566_,13.84
display.refresh_counter\[8\],13.84
_2951_,13.835
_1263_,13.82
result[4],13.82
_1290_,13.8
_2057_,13.78
rf.registers\[5\]\[28\],13.78
_0272_,13.76
_3105_,13.76
rf.registers\[10\]\[9\],13.76
_0677_,13.74
_3597_,13.73
_0690_,13.72
_1937_,13.72
_2565_,13.7
_0547_,13.68
_2133_,13.68
_2330_,13.68
_0548_,13.66
_0558_,13.66
_3762_,13.655
_0858_,13.64
_1091_,13.64
_1100_,13.64
_0311_,13.635
_2634_,13.62
_3569_,13.62
_4123_,13.62
result[8],13.62
_3363_,13.6
_3654_,13.6
_0680_,13.58
_1668_,13.58
_2047_,13.56
_2715_,13.54
_3525_,13.54
_2144_,13.535
_1719_,13.52
_1825_,13.52
result[7],13.52
_2849_,13.5
_2925_,13.5
_3950_,13.5
display.refresh_counter\[16\],13.5
_1326_,13.48
_3753_,13.48
_1081_,13.475
rf.registers\[15\]\[22\],13.46
_2967_,13.44
_3705_,13.44
_1445_,13.43
_0261_,13.42
_0963_,13.42
_1317_,13.4
_2513_,13.4
_2977_,13.4
_3193_,13.36
_1898_,13.35
_2255_,13.34
_2319_,13.34
_4314_,13.33
_1643_,13.32
_3077_,13.32
_3594_,13.32
_0375_,13.3
_0797_,13.3
_3702_,13.3
_2343_,13.29
_3533_,13.29
_0408_,13.28
_2637_,13.28
_2962_,13.26
_3880_,13.26
display.refresh_counter\[13\],13.26
_0348_,13.24
_0762_,13.22
_1437_,13.22
_2544_,13.22
_3028_,13.22
_3588_,13.22
_2859_,13.18
_3808_,13.18
rf.registers\[15\]\[20\],13.16
net44,13.16
_0319_,13.14
_0848_,13.14
_1345_,13.14
_2540_,13.14
_1874_,13.1
_2155_,13.1
_2649_,13.1
_0341_,13.08
_2575_,13.08
_2893_,13.08
_3425_,13.08
_3733_,13.08
_1061_,13.06
_0497_,13.04
_2058_,13.04
_2348_,13.04
_3711_,13.04
net214,13.04
_3728_,13.02
rf.registers\[10\]\[25\],13.02
_1467_,13
_3240_,13
_3419_,13
display.refresh_counter\[0\],13
_0299_,12.98
_1591_,12.98
_2229_,12.98
_4256_,12.98
_3241_,12.96
_3426_,12.96
_1270_,12.94
_1680_,12.94
_2817_,12.94
_0247_,12.92
_2834_,12.92
_4153_,12.92
_0269_,12.9
_1133_,12.88
_2906_,12.88
_2994_,12.88
_3543_,12.88
rf.registers\[10\]\[0\],12.88
rf.registers\[25\]\[29\],12.88
_0460_,12.86
_1801_,12.86
_3821_,12.86
_0152_,12.84
_2703_,12.84
_3584_,12.84
_0982_,12.82
_0264_,12.8
_0866_,12.8
_2279_,12.8
_3443_,12.8
_3641_,12.8
_3855_,12.8
_4189_,12.8
rf.registers\[10\]\[19\],12.8
_2067_,12.78
_2137_,12.76
_3156_,12.76
_3225_,12.76
_3861_,12.76
_1233_,12.74
_2242_,12.74
_2879_,12.72
_3149_,12.72
_1110_,12.7
_0274_,12.68
_0302_,12.68
_3729_,12.68
_1371_,12.64
_3248_,12.64
_3304_,12.64
_3417_,12.64
_0421_,12.62
_3488_,12.62
_1757_,12.6
_1918_,12.6
an[5],12.6
result[10],12.6
_2309_,12.58
_1320_,12.56
_2156_,12.56
_3110_,12.56
net52,12.555
_2085_,12.54
_3191_,12.54
_3163_,12.525
_2139_,12.52
_3922_,12.52
_2241_,12.5
_2799_,12.5
_2819_,12.5
_3179_,12.5
_3518_,12.5
_3731_,12.5
_0871_,12.48
_2046_,12.48
rf.registers\[10\]\[13\],12.475
_0716_,12.46
_2809_,12.46
_3763_,12.46
_1440_,12.45
_2873_,12.44
_1267_,12.42
_2438_,12.42
_2833_,12.42
_2878_,12.42
_3563_,12.42
_4233_,12.42
_1039_,12.4
_2315_,12.4
_2411_,12.4
_2747_,12.38
_0389_,12.36
_2867_,12.36
_4216_,12.36
seg[5],12.36
_0386_,12.34
_2002_,12.34
_2436_,12.34
_3170_,12.34
_3511_,12.34
_3604_,12.34
display.refresh_counter\[4\],12.34
rf.registers\[15\]\[30\],12.34
_0825_,12.3
_1324_,12.3
_2267_,12.3
_3112_,12.3
_3790_,12.3
_3907_,12.3
_2216_,12.28
_3681_,12.28
_0822_,12.26
_1359_,12.26
_3615_,12.26
_3708_,12.26
_0484_,12.24
_2193_,12.24
_1159_,12.22
rf.registers\[10\]\[21\],12.22
_1595_,12.205
_1877_,12.2
_2675_,12.2
_1381_,12.16
_1710_,12.16
_4220_,12.16
_3805_,12.15
_3314_,12.14
_1422_,12.1
_2282_,12.1
_2723_,12.08
_3066_,12.08
_1201_,12.04
_1293_,12.04
_4078_,12.04
rf.registers\[15\]\[29\],12.04
_0747_,12.02
_0610_,12
_1218_,12
_3385_,12
_2793_,11.98
_3571_,11.98
_4311_,11.98
_1642_,11.96
_2973_,11.96
_2223_,11.94
_2442_,11.94
_3178_,11.92
_3848_,11.92
_3205_,11.9
_3534_,11.9
_1453_,11.88
_2531_,11.88
_2805_,11.88
_2500_,11.86
net42,11.86
_0277_,11.84
_0631_,11.84
_1391_,11.84
_1706_,11.84
_2838_,11.84
_3391_,11.84
_0323_,11.8
_2757_,11.795
_1737_,11.78
_3196_,11.78
net183,11.78
_3515_,11.76
_3776_,11.76
_1346_,11.74
_1790_,11.74
_2486_,11.74
_1907_,11.72
_2656_,11.72
_0671_,11.7
_1174_,11.7
_2481_,11.7
_3382_,11.7
_3622_,11.7
_0890_,11.68
_3355_,11.68
result[9],11.68
seg[0],11.68
_0536_,11.66
_2580_,11.66
_2756_,11.66
_3494_,11.66
_0996_,11.64
_2404_,11.64
_2754_,11.64
_0748_,11.62
_2130_,11.62
_2821_,11.62
_3865_,11.6
_4274_,11.6
_0431_,11.58
_0928_,11.58
_1023_,11.58
_2954_,11.58
_3130_,11.58
_3464_,11.56
_1921_,11.55
_2548_,11.54
_3160_,11.54
_1002_,11.52
_1592_,11.52
_1425_,11.48
_1868_,11.48
_1940_,11.48
_2478_,11.47
_2919_,11.47
_2443_,11.46
_0318_,11.44
_0795_,11.44
_2573_,11.42
_3691_,11.42
rf.registers\[15\]\[31\],11.42
_0678_,11.385
_1316_,11.38
_1452_,11.38
_1637_,11.38
_1751_,11.38
_2843_,11.38
_0920_,11.36
_2856_,11.36
_3501_,11.36
_0528_,11.34
_0912_,11.34
_3559_,11.34
_1395_,11.32
_1799_,11.32
_2680_,11.32
_3673_,11.32
_3528_,11.3
rf.registers\[5\]\[16\],11.3
_0905_,11.28
_1626_,11.28
net95,11.28
_2556_,11.27
_0960_,11.26
_2521_,11.26
_3429_,11.26
rf.registers\[10\]\[18\],11.26
_1793_,11.24
_2765_,11.24
_2832_,11.24
_3286_,11.24
_3343_,11.24
_2512_,11.22
_3743_,11.22
an[1],11.22
an[3],11.22
an[7],11.22
result[1],11.22
result[3],11.22
result[6],11.22
seg[2],11.22
seg[3],11.22
seg[4],11.22
_2971_,11.2
rf.registers\[5\]\[22\],11.2
_0632_,11.18
_1386_,11.18
rf.registers\[10\]\[3\],11.18
_3668_,11.16
_4310_,11.16
_0260_,11.14
_1415_,11.14
_2830_,11.14
_4144_,11.135
_0783_,11.13
_0808_,11.12
_1698_,11.12
_3147_,11.12
_3878_,11.12
_0322_,11.1
_0409_,11.1
_2119_,11.1
_3461_,11.1
_0759_,11.08
_1660_,11.08
_1850_,11.08
_2755_,11.08
_3669_,11.08
display.refresh_counter\[7\],11.08
rf.registers\[25\]\[28\],11.08
rf.registers\[5\]\[9\],11.08
net103,11.08
_3701_,11.06
_3727_,11.06
_2946_,11.02
_0396_,11
_0598_,11
_0758_,11
_1738_,11
_1760_,11
_2667_,11
_3476_,11
_4245_,11
_3359_,10.98
_1720_,10.96
_2213_,10.96
_3153_,10.96
_3167_,10.96
rf.registers\[10\]\[8\],10.96
_2952_,10.92
_3508_,10.92
_0901_,10.9
_1854_,10.9
_1608_,10.88
_1303_,10.86
_2342_,10.86
_2664_,10.86
_3038_,10.86
_3408_,10.86
_1168_,10.84
_3296_,10.84
_3879_,10.84
_0510_,10.82
_2018_,10.82
_2814_,10.82
_3523_,10.82
_1707_,10.8
_0380_,10.78
_0692_,10.78
_0617_,10.76
_1633_,10.76
_3542_,10.76
an[0],10.76
result[2],10.76
rf.registers\[25\]\[5\],10.76
seg[6],10.76
_1999_,10.74
_2587_,10.74
_3472_,10.74
_1828_,10.7
_2870_,10.7
_3256_,10.7
_0393_,10.68
_3017_,10.68
_0969_,10.66
_2159_,10.66
_2269_,10.66
_2533_,10.66
_3955_,10.66
_3973_,10.66
_1526_,10.65
_1393_,10.64
_0286_,10.62
_2079_,10.62
_2285_,10.62
_2484_,10.62
_2534_,10.62
_4287_,10.62
_2892_,10.6
_3060_,10.6
_0453_,10.58
_2136_,10.58
_2154_,10.57
_1798_,10.56
_3237_,10.56
_0309_,10.54
_0937_,10.54
_3151_,10.54
_3898_,10.54
_0338_,10.5
_1504_,10.5
_2204_,10.5
_2861_,10.5
_3124_,10.5
_3796_,10.5
_4297_,10.5
rf.registers\[15\]\[21\],10.5
rf.registers\[15\]\[24\],10.5
_3645_,10.435
rf.registers\[15\]\[2\],10.435
_3013_,10.42
_3204_,10.42
_3777_,10.42
_1207_,10.36
_2008_,10.36
_0798_,10.34
_1635_,10.315
_0236_,10.3
_1064_,10.3
_1408_,10.3
_2268_,10.3
_2815_,10.3
_3628_,10.3
result[0],10.3
result[5],10.3
_0013_,10.285
_2559_,10.28
_2688_,10.28
_2781_,10.28
_3189_,10.28
_3200_,10.28
_2368_,10.26
rf.registers\[15\]\[16\],10.26
rf.registers\[15\]\[26\],10.26
_0308_,10.25
_0850_,10.24
_2188_,10.24
_3537_,10.24
_3956_,10.24
rf.registers\[5\]\[27\],10.24
_1646_,10.22
_2132_,10.22
_1451_,10.2
_2546_,10.2
net262,10.18
_1082_,10.16
_1525_,10.16
_3209_,10.16
_3562_,10.16
_3567_,10.16
_3906_,10.16
rf.registers\[15\]\[17\],10.16
_2423_,10.155
_0307_,10.12
_1791_,10.12
_3883_,10.12
rf.registers\[10\]\[14\],10.12
_2087_,10.06
_1015_,10.04
_1357_,10.04
_1432_,10.04
_1458_,10.04
_2281_,10.04
_1266_,10.02
_1575_,10.01
_0786_,10
_2001_,9.98
_3323_,9.98
_2419_,9.97
rf.registers\[15\]\[10\],9.94
_1354_,9.92
_3266_,9.92
_4276_,9.92
_2078_,9.9
_2206_,9.9
_2845_,9.9
_3611_,9.9
_3613_,9.9
_1215_,9.88
_1913_,9.88
_1488_,9.86
_1514_,9.86
_2699_,9.86
_3761_,9.86
_4118_,9.86
rf.registers\[5\]\[24\],9.86
_1829_,9.855
_2792_,9.85
_3140_,9.84
_3235_,9.84
_4086_,9.84
_3860_,9.835
_0749_,9.82
_3222_,9.82
_3565_,9.82
_3871_,9.82
_4198_,9.82
rf.registers\[10\]\[27\],9.82
_0426_,9.8
_1994_,9.8
_2373_,9.79
_1169_,9.78
_2780_,9.78
_2808_,9.78
_3496_,9.78
_4324_,9.78
_0668_,9.74
_1095_,9.74
_1398_,9.74
_2427_,9.74
_2431_,9.74
_3016_,9.74
_0420_,9.72
_3283_,9.72
_1977_,9.71
_0741_,9.7
_1399_,9.7
_1400_,9.7
_2278_,9.7
_2448_,9.7
_3139_,9.7
_2797_,9.68
rf.registers\[5\]\[25\],9.68
_0314_,9.66
_0315_,9.66
_0432_,9.66
_1362_,9.66
_0384_,9.64
_0424_,9.64
_2220_,9.64
_2691_,9.64
_1076_,9.62
_3183_,9.6
_0891_,9.58
_1756_,9.58
_3190_,9.58
_3214_,9.58
_4329_,9.58
rf.registers\[5\]\[30\],9.58
_2624_,9.56
_0084_,9.545
_0862_,9.54
_1147_,9.54
_3632_,9.54
_0251_,9.52
net45,9.52
_0253_,9.5
_1216_,9.5
_3587_,9.5
rf.registers\[5\]\[17\],9.5
_0701_,9.485
_0805_,9.48
_2020_,9.48
_2641_,9.48
_4046_,9.48
_4115_,9.48
net72,9.48
_1074_,9.46
_2138_,9.46
_2760_,9.46
rf.registers\[5\]\[26\],9.46
_0773_,9.45
_0117_,9.445
_0498_,9.44
_2772_,9.44
_3267_,9.44
_3275_,9.44
net47,9.44
_0530_,9.42
_1058_,9.42
_0986_,9.4
_3280_,9.4
_0443_,9.38
_1547_,9.38
_2164_,9.38
_2683_,9.38
_0271_,9.36
_2430_,9.36
_3586_,9.36
_3610_,9.36
_3670_,9.36
_3827_,9.36
net189,9.36
_1131_,9.34
_2632_,9.34
_1248_,9.32
_2848_,9.32
_3027_,9.28
_3052_,9.28
_3813_,9.28
_3933_,9.28
_0419_,9.26
_2050_,9.26
_0881_,9.24
_1257_,9.24
_2918_,9.24
_3791_,9.24
_1783_,9.2
_3874_,9.18
_2055_,9.16
_2460_,9.16
_2519_,9.16
_2584_,9.16
_2841_,9.16
_3195_,9.16
_3050_,9.14
_3187_,9.14
_3888_,9.14
_1641_,9.12
_2210_,9.12
_3374_,9.12
_3490_,9.12
rf.registers\[5\]\[21\],9.12
net93,9.12
_1496_,9.1
_1814_,9.08
_3404_,9.075
_3218_,9.06
_3706_,9.06
_3977_,9.06
rf.registers\[15\]\[0\],9.06
_0809_,9.04
_1716_,9.04
_2681_,9.04
_3154_,9.04
_3435_,9.04
rf.registers\[15\]\[25\],9.04
_1392_,9.02
_3396_,9.02
_3475_,9.02
_3479_,9.02
_3755_,9.02
_1172_,9
_1348_,9
_4260_,9
_1025_,8.98
_1096_,8.98
_1594_,8.98
_1696_,8.98
_2806_,8.98
_4213_,8.98
_1485_,8.96
_1826_,8.96
_3173_,8.96
an[6],8.96
rf.registers\[15\]\[7\],8.96
_0373_,8.94
_1508_,8.94
_1971_,8.94
_2631_,8.94
_2986_,8.93
_0279_,8.92
_0984_,8.92
_1198_,8.92
_3390_,8.92
_1158_,8.9
_1638_,8.9
_2748_,8.9
_3572_,8.9
_4029_,8.9
_0835_,8.88
_1639_,8.88
_1997_,8.88
_3421_,8.88
_1550_,8.86
_1683_,8.86
_2201_,8.86
_2508_,8.86
_3264_,8.86
_3272_,8.86
_3895_,8.86
_4111_,8.86
_3696_,8.84
_1097_,8.82
_1255_,8.82
_1827_,8.82
_3168_,8.82
_3208_,8.82
_3469_,8.82
_4242_,8.82
net237,8.82
_1224_,8.8
_1986_,8.8
_2794_,8.8
_2860_,8.8
_0324_,8.78
_1420_,8.78
_1841_,8.78
_1858_,8.78
_2585_,8.78
_2778_,8.78
_2945_,8.78
_3192_,8.78
_3249_,8.78
_0377_,8.76
_1271_,8.76
_3845_,8.76
_3909_,8.76
_0171_,8.725
_0751_,8.7
_1314_,8.7
_1377_,8.7
_2674_,8.7
_2695_,8.7
_2936_,8.7
_3243_,8.7
_3399_,8.7
_4289_,8.7
_0350_,8.68
_1883_,8.68
_2498_,8.68
_1715_,8.66
_2161_,8.66
_3036_,8.66
_3989_,8.66
rf.registers\[15\]\[27\],8.66
_1522_,8.64
_1558_,8.64
_1736_,8.64
_2613_,8.625
_0732_,8.62
_1499_,8.62
_2591_,8.62
_3259_,8.61
_0411_,8.6
_1291_,8.6
_2337_,8.6
_3481_,8.6
_4195_,8.6
_0011_,8.585
_3313_,8.57
_1681_,8.56
_2528_,8.56
_3519_,8.56
_3730_,8.56
_4142_,8.56
_1164_,8.54
_0012_,8.52
_1775_,8.52
_2264_,8.52
_2671_,8.52
_3143_,8.52
_3693_,8.52
_1945_,8.5
_2123_,8.5
an[2],8.5
result[15],8.5
result[16],8.5
result[17],8.5
result[18],8.5
result[19],8.5
result[21],8.5
result[22],8.5
result[23],8.5
result[24],8.5
result[25],8.5
result[26],8.5
result[27],8.5
result[29],8.5
result[30],8.5
_2784_,8.48
_2826_,8.48
_0841_,8.44
_0865_,8.44
_1209_,8.44
_2236_,8.44
_2277_,8.44
_2685_,8.44
_2923_,8.44
_3113_,8.44
_3545_,8.44
_0487_,8.4
_1418_,8.4
_2410_,8.4
_3723_,8.4
net120,8.4
result[11],8.37
_1057_,8.36
_2169_,8.36
_2266_,8.36
_2764_,8.36
_3646_,8.36
_4269_,8.36
_1789_,8.34
_3486_,8.34
_0666_,8.32
_0728_,8.32
_2825_,8.32
_3767_,8.32
_0210_,8.305
_2501_,8.28
_2730_,8.28
net116,8.26
_1583_,8.24
_1653_,8.24
_2840_,8.24
_2896_,8.24
_3726_,8.24
_3844_,8.24
_3877_,8.24
_4333_,8.24
rf.registers\[25\]\[8\],8.24
_1130_,8.22
_1725_,8.22
_2200_,8.22
_0298_,8.2
_2447_,8.2
_3315_,8.2
_3451_,8.2
rf.registers\[5\]\[29\],8.2
net55,8.2
net216,8.2
_0135_,8.18
_1942_,8.18
_3884_,8.18
_3915_,8.18
_1661_,8.16
_0385_,8.14
_2931_,8.14
_0230_,8.12
_0287_,8.12
_1119_,8.12
_2062_,8.12
_3088_,8.12
_4281_,8.12
display.refresh_counter\[15\],8.12
_4315_,8.11
_1287_,8.1
_2212_,8.1
_2650_,8.1
_2771_,8.1
_3213_,8.1
_3402_,8.1
_3520_,8.1
_3553_,8.1
_3802_,8.1
_4053_,8.1
_1471_,8.06
_2251_,8.06
_2862_,8.06
_4312_,8.06
_3454_,8.04
_1338_,8.02
_1697_,8.02
_3507_,8.02
net152,8.02
_1073_,8
_1885_,8
_2334_,8
_3261_,8
_3321_,8
_3866_,8
_4145_,8
net176,8
net255,8
_0246_,7.98
_0329_,7.98
_0708_,7.98
_2097_,7.98
_2191_,7.98
_2298_,7.98
_2709_,7.98
_3250_,7.98
_3462_,7.98
rf.registers\[10\]\[20\],7.98
display.refresh_counter\[11\],7.96
_0454_,7.94
_2092_,7.94
_2202_,7.94
_3498_,7.94
_3857_,7.94
_3954_,7.94
_4065_,7.94
_4105_,7.94
_1965_,7.92
net238,7.92
_0292_,7.9
_1396_,7.9
_2108_,7.9
_3719_,7.9
_0095_,7.885
_0970_,7.88
_1442_,7.88
_0301_,7.86
_0829_,7.86
_2231_,7.86
_3467_,7.86
_0290_,7.8
_0818_,7.8
_2453_,7.78
rf.registers\[5\]\[1\],7.78
net85,7.78
_0699_,7.74
_1835_,7.74
_4309_,7.74
rf.registers\[10\]\[24\],7.74
rf.registers\[10\]\[5\],7.74
rf.registers\[25\]\[23\],7.74
rf.registers\[5\]\[7\],7.74
_0195_,7.685
_1891_,7.68
_2007_,7.68
_3626_,7.68
_3945_,7.68
_3983_,7.68
display.refresh_counter\[12\],7.68
_1839_,7.66
_3184_,7.66
_3300_,7.66
_3474_,7.66
_3905_,7.66
_0886_,7.64
_1528_,7.64
_1776_,7.64
_2065_,7.64
_2182_,7.64
_2252_,7.64
_2770_,7.64
_3001_,7.64
_3104_,7.64
_3633_,7.64
_4009_,7.64
_4207_,7.64
_1004_,7.62
_1931_,7.62
_1978_,7.6
_2021_,7.6
_3131_,7.6
_3236_,7.6
_3975_,7.6
_4047_,7.6
_4317_,7.59
_2113_,7.58
rf.registers\[15\]\[8\],7.58
_0304_,7.56
_0439_,7.56
_0935_,7.56
_1600_,7.56
_1659_,7.56
_1878_,7.56
_3360_,7.56
_3405_,7.56
_3415_,7.56
_4039_,7.56
_4116_,7.56
_4133_,7.56
_4139_,7.56
net160,7.56
_0320_,7.54
_1261_,7.54
_1516_,7.54
_2687_,7.54
_3837_,7.54
_0985_,7.52
_1282_,7.52
_1374_,7.52
_2286_,7.52
_2541_,7.52
_3217_,7.52
_3271_,7.52
_3994_,7.52
_4184_,7.52
net136,7.52
_3055_,7.5
_0161_,7.485
_2151_,7.48
_3544_,7.48
_2958_,7.46
_1631_,7.44
_2689_,7.44
_2963_,7.44
_3672_,7.44
_0196_,7.42
_0224_,7.42
_3485_,7.42
_4218_,7.42
_0545_,7.4
_0988_,7.4
_1998_,7.4
_2211_,7.4
_2439_,7.4
_3133_,7.4
_3284_,7.4
_3378_,7.4
_3636_,7.4
_3889_,7.4
_4209_,7.4
net102,7.4
_0111_,7.385
_0293_,7.38
_0719_,7.38
_0820_,7.38
_1752_,7.38
_1851_,7.38
_3436_,7.36
_0097_,7.345
_0681_,7.32
_1337_,7.32
_1750_,7.32
_1785_,7.32
_1847_,7.32
_2673_,7.32
_2875_,7.32
_3306_,7.32
_3831_,7.32
_2510_,7.3
_3407_,7.3
display.refresh_counter\[14\],7.3
_1593_,7.28
rf.registers\[10\]\[7\],7.28
_1135_,7.26
_4263_,7.26
_1728_,7.24
_2490_,7.24
_2842_,7.24
_3433_,7.24
_3835_,7.24
_2367_,7.22
_3207_,7.22
net86,7.22
net137,7.22
_3799_,7.215
_1922_,7.2
_2514_,7.2
_2525_,7.2
_2571_,7.2
_3021_,7.2
rf.registers\[10\]\[29\],7.2
_0824_,7.18
_1405_,7.18
_1500_,7.18
_1954_,7.18
_2820_,7.18
_3431_,7.18
_3846_,7.18
rf.registers\[5\]\[8\],7.18
net162,7.18
net208,7.18
_0076_,7.165
_0183_,7.165
_0796_,7.16
_0007_,7.145
_1030_,7.14
_1611_,7.14
_3947_,7.14
_4122_,7.14
result[20],7.11
_0231_,7.1
_0559_,7.1
_0949_,7.1
_2418_,7.1
_2640_,7.1
_3829_,7.1
_3913_,7.1
net122,7.1
net222,7.1
_0584_,7.08
_1111_,7.08
_4298_,7.08
_0365_,7.06
_0696_,7.06
_1102_,7.06
_1763_,7.06
_1951_,7.06
_2259_,7.06
_3546_,7.06
_3779_,7.06
_4098_,7.06
_4227_,7.06
net206,7.06
net263,7.06
_0434_,7.04
_2121_,7.04
_4004_,7.04
_4018_,7.04
_0316_,7
_2179_,7
_0706_,6.98
_0750_,6.98
_1024_,6.98
_2378_,6.98
_2941_,6.98
_3409_,6.98
_3489_,6.98
_3774_,6.98
_4250_,6.98
rf.registers\[25\]\[31\],6.98
_2574_,6.975
_0242_,6.96
_4215_,6.96
_1548_,6.94
_3532_,6.94
_2956_,6.91
_3281_,6.9
_3447_,6.9
_2926_,6.88
_1269_,6.86
_1966_,6.86
_2256_,6.86
_2493_,6.86
_2509_,6.86
_2635_,6.86
_2670_,6.86
_3180_,6.86
_3524_,6.86
rf.registers\[10\]\[30\],6.86
rf.registers\[25\]\[30\],6.86
_0129_,6.84
_1545_,6.84
_4247_,6.82
rf.registers\[25\]\[2\],6.82
_3292_,6.8
_3051_,6.78
_0178_,6.765
_0058_,6.76
_0306_,6.76
_0780_,6.76
_0821_,6.76
_1559_,6.76
_3746_,6.76
_3999_,6.76
net212,6.76
net241,6.76
_2346_,6.755
_0674_,6.74
_1579_,6.74
_2485_,6.74
_2502_,6.74
_3095_,6.74
_3656_,6.74
_3826_,6.74
rf.registers\[25\]\[24\],6.74
_0404_,6.72
_0768_,6.72
_1238_,6.72
_1677_,6.72
_1691_,6.72
_2711_,6.72
_2895_,6.72
net104,6.72
_0077_,6.705
_1852_,6.7
_0187_,6.685
_0217_,6.685
_0997_,6.66
_2297_,6.66
rf.registers\[15\]\[11\],6.66
rf.registers\[5\]\[15\],6.66
rf.registers\[5\]\[20\],6.66
_0481_,6.64
_1905_,6.64
_2716_,6.64
_3671_,6.64
_4253_,6.64
rf.registers\[15\]\[14\],6.64
net144,6.64
_0317_,6.62
_0819_,6.62
_0672_,6.6
_1796_,6.6
_1849_,6.6
_1861_,6.6
_2783_,6.6
_2866_,6.6
_3393_,6.6
_3514_,6.6
_3579_,6.6
_3713_,6.6
_4006_,6.6
net221,6.6
net256,6.6
_0327_,6.58
_0931_,6.58
_3904_,6.58
_3297_,6.54
_3397_,6.54
_0245_,6.52
_0743_,6.52
_1093_,6.52
_1375_,6.52
_1520_,6.52
_1667_,6.52
_2244_,6.52
_3625_,6.52
_0417_,6.5
_1361_,6.5
_2620_,6.5
_0999_,6.48
_2579_,6.48
_3012_,6.48
_0451_,6.46
_1394_,6.44
_2370_,6.44
net119,6.44
_0194_,6.425
_0258_,6.4
_1670_,6.4
_1917_,6.4
_1923_,6.4
_2570_,6.4
_4295_,6.4
rf.registers\[10\]\[26\],6.4
rf.registers\[25\]\[4\],6.4
_3234_,6.38
_3500_,6.38
_3946_,6.38
_0004_,6.365
_0065_,6.365
_0071_,6.365
_0313_,6.36
_2495_,6.36
_2684_,6.36
_2463_,6.32
_3538_,6.32
net181,6.32
_0249_,6.3
_0641_,6.3
_0978_,6.3
_1040_,6.3
_1049_,6.3
_1476_,6.3
_2022_,6.3
_2590_,6.3
_4012_,6.3
rf.registers\[10\]\[11\],6.3
rf.registers\[25\]\[22\],6.3
net168,6.3
net199,6.3
net233,6.3
_0325_,6.28
_0729_,6.28
_0934_,6.28
_1132_,6.28
_1416_,6.28
_1441_,6.28
_2511_,6.28
_2937_,6.28
_2985_,6.28
_2996_,6.28
_3109_,6.28
_3814_,6.28
_4252_,6.28
rf.registers\[10\]\[16\],6.28
_0815_,6.26
_1018_,6.26
_2997_,6.26
_3466_,6.26
_3602_,6.26
_4030_,6.26
net177,6.26
net240,6.26
_2073_,6.24
_0201_,6.225
_0276_,6.2
_1059_,6.2
_1473_,6.2
_1784_,6.2
_1787_,6.2
_1788_,6.2
_2446_,6.2
_3186_,6.2
_3231_,6.2
_3958_,6.2
rf.registers\[5\]\[18\],6.2
rf.registers\[5\]\[19\],6.2
rf.registers\[5\]\[23\],6.2
_2598_,6.185
_1360_,6.18
_1821_,6.18
_2009_,6.18
_2948_,6.18
_2978_,6.18
_3505_,6.18
_3539_,6.18
_3998_,6.18
_4000_,6.18
_4021_,6.18
_4067_,6.18
_4161_,6.18
rf.registers\[15\]\[3\],6.18
_3667_,6.175
_1781_,6.17
_1068_,6.16
_0806_,6.155
_0777_,6.14
_0916_,6.14
_1213_,6.14
_2035_,6.14
_2072_,6.14
_2406_,6.14
_2588_,6.14
_3428_,6.14
_4003_,6.14
_4104_,6.14
_4121_,6.14
_4141_,6.14
_4293_,6.14
net50,6.14
net132,6.14
net253,6.14
_3177_,6.12
_0205_,6.105
_0206_,6.105
_0216_,6.105
_3961_,6.08
_0297_,6.06
_0946_,6.06
_0983_,6.06
_1717_,6.06
_2628_,6.06
_2693_,6.06
_3383_,6.06
_3786_,6.06
_3794_,6.06
_3856_,6.06
net125,6.06
net147,6.06
_1210_,6.04
_4005_,6.04
_1505_,6.02
_1675_,6.02
_1708_,6.02
_3820_,6.02
_3932_,6.02
_0953_,5.98
_1088_,5.98
_2982_,5.98
_0294_,5.96
_1609_,5.94
_1647_,5.94
_1811_,5.94
_2594_,5.94
_2975_,5.94
_3252_,5.94
_3649_,5.94
display.refresh_counter\[3\],5.94
display.refresh_counter\[9\],5.94
rf.registers\[15\]\[28\],5.94
rf.registers\[5\]\[11\],5.94
rf.registers\[5\]\[5\],5.94
net244,5.94
_2887_,5.92
rf.registers\[5\]\[6\],5.9
_0116_,5.895
_0744_,5.86
_2185_,5.86
_2639_,5.86
_3274_,5.86
_3816_,5.86
_3935_,5.86
_4060_,5.86
_0359_,5.84
_0752_,5.84
_1572_,5.84
_1819_,5.84
_2596_,5.84
_3073_,5.84
_3242_,5.84
_3930_,5.84
_3971_,5.84
_4041_,5.84
_4042_,5.84
_4110_,5.84
net252,5.84
_2505_,5.82
_2523_,5.82
_2553_,5.82
_2562_,5.82
_3573_,5.82
_0127_,5.8
_0581_,5.8
_1511_,5.8
_1564_,5.8
_2126_,5.8
_2969_,5.8
_3847_,5.8
_4055_,5.8
_4077_,5.8
_4124_,5.8
rf.registers\[15\]\[9\],5.8
net226,5.8
net229,5.8
_3920_,5.78
_2416_,5.77
result[12],5.75
_0285_,5.74
_0438_,5.74
_1010_,5.74
_1075_,5.74
_1903_,5.74
_2728_,5.74
_3137_,5.74
_3345_,5.74
rf.registers\[15\]\[13\],5.74
_0354_,5.72
_0767_,5.72
_0957_,5.72
_1312_,5.72
_1321_,5.72
_1457_,5.72
_1517_,5.72
_1554_,5.72
_1807_,5.72
_2162_,5.72
_2568_,5.72
_2791_,5.72
_2891_,5.72
_3132_,5.72
_3215_,5.72
_3516_,5.72
_3556_,5.72
_3591_,5.72
_3655_,5.72
_3803_,5.72
_4064_,5.72
_4082_,5.72
_4089_,5.72
net188,5.72
_0885_,5.7
_1055_,5.7
_1092_,5.68
_1313_,5.68
_1992_,5.68
_2036_,5.68
_2134_,5.68
_2143_,5.68
_2199_,5.68
_2293_,5.68
_2322_,5.68
_2922_,5.68
_2980_,5.68
_3045_,5.68
_3623_,5.68
_3738_,5.68
_4087_,5.68
_4137_,5.68
_1079_,5.62
_1585_,5.62
_3092_,5.62
_3581_,5.62
_4036_,5.62
_0661_,5.6
_0840_,5.6
_1128_,5.6
_1363_,5.6
_1383_,5.6
_1530_,5.6
_1767_,5.6
_1870_,5.6
_1886_,5.6
_1985_,5.6
_2006_,5.6
_2706_,5.6
_3159_,5.6
_3279_,5.6
_3401_,5.6
_3482_,5.6
_3504_,5.6
net210,5.6
_1584_,5.58
_3174_,5.58
_3969_,5.58
net231,5.58
net257,5.58
_1288_,5.56
_3370_,5.56
_3919_,5.56
_1481_,5.52
_3253_,5.52
_3522_,5.52
_3833_,5.52
_0108_,5.505
_0257_,5.5
_0606_,5.5
_0781_,5.5
_0721_,5.48
_1747_,5.48
_2444_,5.48
_2731_,5.48
_3009_,5.48
_3108_,5.48
_3437_,5.48
_3892_,5.48
_1955_,5.46
_3841_,5.46
rf.registers\[5\]\[10\],5.46
_0113_,5.425
_0241_,5.4
_0244_,5.4
_0710_,5.4
_2362_,5.4
_2462_,5.4
_2467_,5.4
_2547_,5.4
_3062_,5.4
_3198_,5.4
_3309_,5.4
_3653_,5.4
_0133_,5.38
_0972_,5.38
_1469_,5.38
_2186_,5.38
_2606_,5.38
_3621_,5.38
_3940_,5.38
net148,5.38
net150,5.38
net156,5.38
net220,5.38
_1551_,5.36
_1636_,5.36
_2005_,5.36
_2160_,5.36
_2527_,5.36
_2704_,5.36
_3764_,5.36
_4222_,5.36
net73,5.36
_0091_,5.355
_1152_,5.34
_1180_,5.34
_1190_,5.34
_1250_,5.34
_1454_,5.34
_1749_,5.34
_3619_,5.34
_3744_,5.34
_3807_,5.34
_3918_,5.34
_4025_,5.34
_4035_,5.34
_4074_,5.34
_4307_,5.34
net196,5.34
_0015_,5.305
_0192_,5.305
_0567_,5.28
_1869_,5.28
_2746_,5.28
_3521_,5.28
_1177_,5.26
_2110_,5.26
_2196_,5.26
_2561_,5.26
_2597_,5.26
_2686_,5.26
_2852_,5.26
_2877_,5.26
_3676_,5.26
_3700_,5.26
_3770_,5.26
_3942_,5.26
_4031_,5.26
_4084_,5.26
_4088_,5.26
_4102_,5.26
rf.registers\[25\]\[1\],5.26
_0268_,5.24
_1619_,5.24
_2959_,5.24
_0223_,5.22
_0868_,5.22
_1211_,5.22
_1470_,5.22
_1896_,5.22
_2275_,5.22
_3063_,5.22
_3197_,5.22
_3211_,5.22
_3585_,5.22
_3781_,5.22
_3793_,5.22
_3992_,5.22
_4040_,5.22
_4062_,5.22
_4075_,5.22
_4080_,5.22
_4090_,5.22
_4099_,5.22
_4103_,5.22
_4132_,5.22
_4140_,5.22
net234,5.22
_0179_,5.185
_0517_,5.16
_1733_,5.16
_2086_,5.16
_2503_,5.16
_3298_,5.16
net140,5.16
net159,5.16
_0026_,5.14
_0621_,5.14
_0933_,5.14
_1200_,5.14
_3098_,5.14
_3293_,5.14
net243,5.14
_1836_,5.12
_3254_,5.12
_3577_,5.12
net215,5.12
net223,5.12
net228,5.12
_0126_,5.1
_0215_,5.095
result[14],5.07
result[31],5.07
_1070_,5.06
_1948_,5.06
_3540_,5.06
_3937_,5.06
_3993_,5.06
_4073_,5.06
_0096_,5.045
_0021_,5.04
_1769_,5.04
_3289_,5.04
_1047_,5.02
_2949_,5.02
rf.registers\[5\]\[13\],5.02
_1842_,5.01
_1688_,5
_1714_,5
_1872_,5
_2991_,5
_0130_,4.94
_0600_,4.94
_0979_,4.94
_1148_,4.94
_1497_,4.94
_1603_,4.94
_2042_,4.94
_2189_,4.94
_2205_,4.94
_2218_,4.94
_2735_,4.94
_2863_,4.94
_3080_,4.94
_4079_,4.94
net108,4.94
_0239_,4.92
_0482_,4.92
_0613_,4.92
_1127_,4.92
_1449_,4.92
_2701_,4.92
_3316_,4.92
_3657_,4.92
_3745_,4.92
_4001_,4.92
_4225_,4.92
rf.registers\[10\]\[12\],4.92
net149,4.92
net239,4.92
_0310_,4.9
_0697_,4.9
_1234_,4.9
_1373_,4.9
_1529_,4.9
_1586_,4.9
_1806_,4.9
_2563_,4.9
_3246_,4.9
_4331_,4.9
rf.registers\[10\]\[6\],4.9
rf.registers\[5\]\[31\],4.9
_1112_,4.89
_0541_,4.88
_0563_,4.88
_0571_,4.88
_0612_,4.88
_0801_,4.88
_1084_,4.88
_1138_,4.88
_1202_,4.88
_1279_,4.88
_1672_,4.88
_1871_,4.88
_1927_,4.88
_2082_,4.88
_2145_,4.88
_2316_,4.88
_2331_,4.88
_2618_,4.88
_2910_,4.88
_3007_,4.88
_3026_,4.88
_3301_,4.88
_3471_,4.88
_3718_,4.88
_3891_,4.88
_4015_,4.88
_4058_,4.88
_4068_,4.88
_4101_,4.88
net84,4.88
_0014_,4.845
_0190_,4.845
_0449_,4.82
_0597_,4.82
_0826_,4.82
_0843_,4.82
_1154_,4.82
_0263_,4.8
_0523_,4.8
_0565_,4.8
_0665_,4.8
_0775_,4.8
_1352_,4.8
_1969_,4.8
_2207_,4.8
_2306_,4.8
_2425_,4.8
_2551_,4.8
_2811_,4.8
_2888_,4.8
_2907_,4.8
_3061_,4.8
_3194_,4.8
_3455_,4.8
_3850_,4.8
_3862_,4.8
_3965_,4.8
_4096_,4.8
_4169_,4.8
_4267_,4.8
_4282_,4.8
imem.address\[1\],4.8
_3392_,4.78
_4230_,4.78
_0787_,4.76
_1069_,4.76
_2003_,4.76
_2289_,4.76
_2915_,4.76
_3312_,4.76
_3470_,4.76
_4024_,4.76
_4048_,4.76
_4081_,4.76
_4125_,4.76
net80,4.76
net258,4.76
_0203_,4.725
_0219_,4.725
_2224_,4.71
_0009_,4.7
_2920_,4.7
_3509_,4.7
_3784_,4.7
_1087_,4.68
_1232_,4.68
_3288_,4.68
net151,4.68
_2441_,4.67
_0687_,4.66
_1744_,4.66
_3083_,4.66
_0110_,4.635
_2466_,4.63
_0002_,4.625
_0184_,4.625
_0198_,4.625
control,4.61
_2472_,4.6
_3487_,4.6
_4093_,4.6
_0080_,4.585
_2170_,4.58
_2576_,4.58
_0486_,4.56
_1459_,4.56
_2116_,4.56
_2900_,4.56
_2976_,4.56
_3269_,4.56
_3495_,4.56
_3749_,4.56
_3876_,4.56
_0156_,4.54
_2352_,4.54
_2359_,4.54
_0875_,4.48
_0950_,4.48
_1109_,4.48
_1531_,4.48
_1882_,4.48
_2857_,4.48
_3262_,4.48
_3921_,4.48
net51,4.48
_0499_,4.46
_0531_,4.46
_0882_,4.46
_1160_,4.46
_1368_,4.46
_1919_,4.46
_1973_,4.46
_2473_,4.46
_2677_,4.46
_2921_,4.46
_3057_,4.46
_3126_,4.46
_3863_,4.46
rf.registers\[5\]\[14\],4.46
net171,4.46
net178,4.46
_1038_,4.44
_1197_,4.44
_1460_,4.44
_2381_,4.44
_2572_,4.44
_1713_,4.43
_2643_,4.43
_0003_,4.425
_0005_,4.425
_1137_,4.42
_3085_,4.42
_3491_,4.42
_3497_,4.42
_3750_,4.42
_3809_,4.42
_4027_,4.42
result[13],4.39
result[28],4.39
_0185_,4.385
_0778_,4.36
_2890_,4.36
_3714_,4.36
net56,4.36
net106,4.36
_3268_,4.345
_0412_,4.34
_0513_,4.34
_0593_,4.34
_0608_,4.34
_0913_,4.34
_1003_,4.34
_1108_,4.34
_1342_,4.34
_1464_,4.34
_1711_,4.34
_1876_,4.34
_2053_,4.34
_2336_,4.34
_2360_,4.34
_2623_,4.34
_3006_,4.34
_3048_,4.34
_3276_,4.34
_3773_,4.34
_4135_,4.34
rf.registers\[25\]\[9\],4.34
_0265_,4.32
_3838_,4.32
_1404_,4.24
_0615_,4.22
_0894_,4.22
_1145_,4.22
_1770_,4.22
_1947_,4.22
_2305_,4.22
rf.registers\[25\]\[3\],4.22
_0457_,4.2
_3897_,4.2
_4114_,4.2
net143,4.2
_0016_,4.165
_0149_,4.14
_1219_,4.14
_1347_,4.14
_1478_,4.14
_1654_,4.14
_3150_,4.14
_3432_,4.14
_3678_,4.14
_3800_,4.14
_3944_,4.14
_4066_,4.14
net261,4.14
_0033_,4.12
_0529_,4.12
_1705_,4.12
_3908_,4.12
_4258_,4.12
_1042_,4.1
_1754_,4.1
_2081_,4.1
display.refresh_counter\[5\],4.1
_2323_,4.08
_2884_,4.08
_0831_,4.02
_0869_,4.02
_2041_,4.02
_2221_,4.02
_3444_,4.02
_3620_,4.02
_3959_,4.02
_0010_,4
_0757_,4
_1105_,4
_1186_,4
_1366_,4
_1378_,4
_1390_,4
_1730_,4
_2052_,4
_2482_,4
_2934_,4
_3339_,4
_3413_,4
_3840_,4
_4007_,4
_4120_,4
_4223_,4
net112,4
net131,4
net154,4
net191,4
_1099_,3.98
_0073_,3.965
_0170_,3.965
_0090_,3.925
_0188_,3.925
_0199_,3.925
_2660_,3.925
_0576_,3.9
_0693_,3.9
_0761_,3.9
_3134_,3.9
_3664_,3.9
_3885_,3.9
_0503_,3.88
_0914_,3.88
_0958_,3.88
_1162_,3.88
_1188_,3.88
_1205_,3.88
_1304_,3.88
_1509_,3.88
_1612_,3.88
_1830_,3.88
_1996_,3.88
_2030_,3.88
_2469_,3.88
_2577_,3.88
_2657_,3.88
_2836_,3.88
_2987_,3.88
_3010_,3.88
_3291_,3.88
_3294_,3.88
_3422_,3.88
_3517_,3.88
_3674_,3.88
_3682_,3.88
_3899_,3.88
_3910_,3.88
_4095_,3.88
_4126_,3.88
net58,3.88
net133,3.88
net174,3.88
_2048_,3.81
_0006_,3.805
_0182_,3.805
_1649_,3.78
_3166_,3.78
net139,3.78
_2610_,3.77
_1494_,3.76
_2023_,3.76
_2247_,3.76
_3868_,3.76
_3882_,3.76
_3968_,3.76
_4085_,3.76
_4285_,3.76
rf.registers\[10\]\[22\],3.76
_2615_,3.74
_3450_,3.74
net213,3.74
net235,3.74
_3014_,3.695
_0146_,3.68
_0278_,3.68
_1041_,3.68
_1141_,3.68
_1503_,3.68
_1932_,3.68
_2198_,3.68
_2270_,3.68
_3019_,3.68
_4092_,3.68
_4127_,3.68
_0134_,3.66
_1310_,3.66
_2408_,3.66
_2582_,3.66
_3367_,3.66
_3902_,3.66
_3911_,3.66
_1155_,3.64
_1181_,3.64
_1350_,3.64
_3258_,3.64
_0048_,3.61
_0029_,3.59
_3887_,3.59
_2176_,3.585
_0973_,3.56
_1187_,3.56
_1311_,3.56
_1587_,3.56
_1605_,3.56
_1734_,3.56
_1975_,3.56
_2060_,3.56
_2168_,3.56
_2350_,3.56
_2651_,3.56
_2955_,3.56
_3512_,3.56
_3742_,3.56
_3925_,3.56
_3987_,3.56
_0562_,3.54
_0589_,3.54
_0898_,3.54
_0945_,3.54
_0964_,3.54
_1009_,3.54
_1365_,3.54
_1604_,3.54
_1802_,3.54
_2299_,3.54
_2366_,3.54
_2369_,3.54
_2450_,3.54
_2726_,3.54
_2800_,3.54
_2803_,3.54
_3086_,3.54
_3201_,3.54
_3324_,3.54
_3364_,3.54
_3403_,3.54
_3560_,3.54
_3859_,3.54
net126,3.54
net146,3.54
net158,3.54
net175,3.54
net197,3.54
net225,3.54
_1071_,3.52
_3535_,3.52
_4221_,3.52
display.refresh_counter\[6\],3.52
_1067_,3.5
_0001_,3.465
_0103_,3.465
_0121_,3.465
_0176_,3.465
_0181_,3.465
_0200_,3.465
_0208_,3.465
_0211_,3.465
_0213_,3.465
_0921_,3.44
_2153_,3.44
_2742_,3.44
_3091_,3.44
_3635_,3.44
_3739_,3.44
_1555_,3.435
_2217_,3.425
_0495_,3.42
_0560_,3.42
_0578_,3.42
_0803_,3.42
_0832_,3.42
_0911_,3.42
_0965_,3.42
_1434_,3.42
_1465_,3.42
_1620_,3.42
_1812_,3.42
_1879_,3.42
_1897_,3.42
_2135_,3.42
_2167_,3.42
_2190_,3.42
_2225_,3.42
_2554_,3.42
_2682_,3.42
_2713_,3.42
_2869_,3.42
_2881_,3.42
_3039_,3.42
_3598_,3.42
_3631_,3.42
_3751_,3.42
_3788_,3.42
_3924_,3.42
_3985_,3.42
_4014_,3.42
_4038_,3.42
_4106_,3.42
_4113_,3.42
_0032_,3.35
_0062_,3.345
_0083_,3.345
_0085_,3.345
_0124_,3.345
_0186_,3.345
_0364_,3.32
_0782_,3.32
_1101_,3.32
_3285_,3.32
net187,3.32
net204,3.32
net219,3.32
_2025_,3.31
_0049_,3.3
_0051_,3.3
_0381_,3.3
_1066_,3.3
_1243_,3.3
_2291_,3.3
_2909_,3.3
_3065_,3.3
_3115_,3.3
_3202_,3.3
_3445_,3.3
net97,3.3
_0019_,3.245
_0125_,3.245
_0050_,3.23
_0123_,3.225
_0218_,3.225
_0282_,3.22
_0883_,3.22
_1489_,3.22
_2246_,3.22
_3238_,3.22
_3452_,3.22
_3716_,3.22
_3864_,3.22
net130,3.22
net141,3.22
net217,3.22
net254,3.22
_0579_,3.2
_1173_,3.2
_2608_,3.2
_3224_,3.2
_3459_,3.2
_0812_,3.18
_1627_,3.18
_2604_,3.18
_0064_,3.175
_0174_,3.175
_2449_,3.14
_0733_,3.1
_0738_,3.1
_0899_,3.1
_1122_,3.1
_1223_,3.1
_1281_,3.1
_1650_,3.1
_1890_,3.1
_2068_,3.1
_2098_,3.1
_2104_,3.1
_2586_,3.1
_2655_,3.1
_2847_,3.1
_3206_,3.1
_3257_,3.1
_3638_,3.1
_3640_,3.1
_3698_,3.1
_3703_,3.1
_0143_,3.08
_0331_,3.08
_0842_,3.08
_1239_,3.08
_1330_,3.08
_1364_,3.08
_1623_,3.08
_1704_,3.08
_2234_,3.08
_2310_,3.08
_2374_,3.08
_2536_,3.08
_2543_,3.08
_2661_,3.08
_2789_,3.08
_3047_,3.08
_3129_,3.08
_3354_,3.08
_3609_,3.08
_3939_,3.08
_3991_,3.08
_4010_,3.08
rf.registers\[10\]\[23\],3.08
rf.registers\[5\]\[4\],3.08
net98,3.08
net134,3.08
net153,3.08
net164,3.08
net169,3.08
net173,3.08
net185,3.08
net209,3.08
net247,3.08
net249,3.08
_0079_,3.045
_0165_,3.005
_0209_,3.005
_0087_,2.98
_0104_,2.98
_0522_,2.98
_0771_,2.98
_0790_,2.98
_1028_,2.98
_1678_,2.98
_2692_,2.98
_3943_,2.98
_4016_,2.98
_4159_,2.98
net121,2.98
_0300_,2.96
_0378_,2.96
_0602_,2.96
_0652_,2.96
_0737_,2.96
_0892_,2.96
_1549_,2.96
_1615_,2.96
_1671_,2.96
_1727_,2.96
_1848_,2.96
_1950_,2.96
_2146_,2.96
_2245_,2.96
_2344_,2.96
_2371_,2.96
_2581_,2.96
_2773_,2.96
_2775_,2.96
_2827_,2.96
_2831_,2.96
_2868_,2.96
_3042_,2.96
_3046_,2.96
_3161_,2.96
_3311_,2.96
_3608_,2.96
_3647_,2.96
_3683_,2.96
_3687_,2.96
_3783_,2.96
_3839_,2.96
_3952_,2.96
_4013_,2.96
_4054_,2.96
net77,2.96
net78,2.96
net129,2.96
_0070_,2.885
_0099_,2.885
_0169_,2.885
_3896_,2.865
_0086_,2.86
_0220_,2.86
_1026_,2.86
_1644_,2.86
_2785_,2.86
_2983_,2.86
_3090_,2.86
_3953_,2.86
_0027_,2.84
_0042_,2.84
_0321_,2.84
_0506_,2.84
_1228_,2.84
_2093_,2.795
_0102_,2.785
_0164_,2.785
_0180_,2.785
_0191_,2.785
_0204_,2.785
_0207_,2.785
_0040_,2.77
_0407_,2.76
_0585_,2.76
_0859_,2.76
_0917_,2.76
_1106_,2.76
_1150_,2.76
_1447_,2.76
_1540_,2.76
_1556_,2.76
_1797_,2.76
_2063_,2.76
_2158_,2.76
_2349_,2.76
_2927_,2.76
_3181_,2.76
_3307_,2.76
_3634_,2.76
net145,2.76
net202,2.76
net224,2.76
_0039_,2.74
_0137_,2.74
_0141_,2.74
_0288_,2.74
_0423_,2.74
_1247_,2.74
_2732_,2.72
_0067_,2.715
_0118_,2.715
_0119_,2.715
_0160_,2.715
_0166_,2.715
_0022_,2.69
_0046_,2.69
_0034_,2.67
_1140_,2.65
_0470_,2.64
_0654_,2.64
_0714_,2.64
_0765_,2.64
_0802_,2.64
_1424_,2.64
_1580_,2.64
_1701_,2.64
_1743_,2.64
_1928_,2.64
_1995_,2.64
_2125_,2.64
_2335_,2.64
_2824_,2.64
_3029_,2.64
_3070_,2.64
_3084_,2.64
_3710_,2.64
net117,2.64
_0008_,2.62
_0057_,2.62
_0140_,2.62
_0330_,2.62
_0333_,2.62
_0361_,2.62
_0483_,2.62
_0509_,2.62
_0524_,2.62
_0535_,2.62
_0588_,2.62
_0754_,2.62
_0880_,2.62
_0994_,2.62
_1083_,2.62
_1217_,2.62
_1235_,2.62
_1301_,2.62
_1411_,2.62
_1541_,2.62
_1598_,2.62
_1778_,2.62
_2044_,2.62
_2214_,2.62
_2625_,2.62
_2714_,2.62
_2768_,2.62
_2796_,2.62
_2818_,2.62
_3054_,2.62
_3102_,2.62
_3144_,2.62
_3513_,2.62
_3526_,2.62
_3603_,2.62
_3819_,2.62
_3872_,2.62
_4026_,2.62
_4100_,2.62
net127,2.62
net161,2.62
net186,2.62
net192,2.62
net198,2.62
net207,2.62
net218,2.62
net245,2.62
_3853_,2.615
_0081_,2.595
_0106_,2.595
_0000_,2.545
_0017_,2.545
_0158_,2.545
_0163_,2.545
_0175_,2.545
_0177_,2.545
_0189_,2.545
_0197_,2.545
_0109_,2.52
_0114_,2.52
_0516_,2.52
_0745_,2.52
_1355_,2.52
_1792_,2.52
_2243_,2.52
_4022_,2.52
_4028_,2.52
_0045_,2.5
_0281_,2.5
_0351_,2.5
_0362_,2.5
_0463_,2.5
_0603_,2.5
_0836_,2.5
_0837_,2.5
_0873_,2.5
_1008_,2.5
_1113_,2.5
_1272_,2.5
_1328_,2.5
_1340_,2.5
_1379_,2.5
_1463_,2.5
_1475_,2.5
_1902_,2.5
_1910_,2.5
_1920_,2.5
_2150_,2.5
_2165_,2.5
_2271_,2.5
_2308_,2.5
_2351_,2.5
_2421_,2.5
_2665_,2.5
_2758_,2.5
_2813_,2.5
_2871_,2.5
_2905_,2.5
_2932_,2.5
_3146_,2.5
_3244_,2.5
_3531_,2.5
_3575_,2.5
_3600_,2.5
_3694_,2.5
_3697_,2.5
_3757_,2.5
_3849_,2.5
_3886_,2.5
_3916_,2.5
_4011_,2.5
_4017_,2.5
_4037_,2.5
_4050_,2.5
_4052_,2.5
_4249_,2.5
net118,2.5
net123,2.5
_0088_,2.485
_0168_,2.485
_0172_,2.485
_3081_,2.445
_0918_,2.4
_1307_,2.4
_2032_,2.4
net230,2.4
_0020_,2.38
_0024_,2.38
_0035_,2.38
_0036_,2.38
_0059_,2.38
_1123_,2.38
_1208_,2.38
_2294_,2.38
_2451_,2.38
net79,2.38
_0072_,2.375
_0212_,2.375
_0100_,2.325
_0101_,2.325
_0221_,2.325
_0724_,2.3
_1098_,2.3
_1149_,2.3
_1495_,2.3
_1576_,2.3
_1777_,2.3
_1831_,2.3
_1938_,2.3
_1967_,2.3
_1983_,2.3
_2043_,2.3
_2619_,2.3
_2719_,2.3
_2782_,2.3
_3079_,2.3
_3157_,2.3
_3375_,2.3
_3468_,2.3
_3677_,2.3
_3712_,2.3
_3836_,2.3
_3967_,2.3
_4151_,2.3
_4327_,2.3
net135,2.3
net157,2.3
net167,2.3
net182,2.3
net184,2.3
net190,2.3
net200,2.3
net232,2.3
net236,2.3
net251,2.3
net259,2.3
_0132_,2.28
_0139_,2.28
_0157_,2.28
_1013_,2.28
_1833_,2.28
_2379_,2.28
_3554_,2.28
_3870_,2.28
_0122_,2.255
_1296_,2.255
_2846_,2.24
_0025_,2.23
_3941_,2.22
_0763_,2.19
_0061_,2.18
_0712_,2.18
_0717_,2.18
_0784_,2.18
_0833_,2.18
_0845_,2.18
_0887_,2.18
_1144_,2.18
_1423_,2.18
_1429_,2.18
_1656_,2.18
_1771_,2.18
_1808_,2.18
_2311_,2.18
_2355_,2.18
_2516_,2.18
_2652_,2.18
_2705_,2.18
_2904_,2.18
_3096_,2.18
_3361_,2.18
_3371_,2.18
_3400_,2.18
net138,2.18
_0054_,2.16
_0138_,2.16
_0262_,2.16
_0474_,2.16
_0554_,2.16
_0557_,2.16
_0574_,2.16
_0670_,2.16
_0814_,2.16
_0863_,2.16
_0962_,2.16
_1062_,2.16
_1157_,2.16
_1193_,2.16
_1276_,2.16
_1410_,2.16
_1487_,2.16
_1721_,2.16
_1911_,2.16
_1914_,2.16
_1946_,2.16
_2011_,2.16
_2074_,2.16
_2083_,2.16
_2317_,2.16
_2491_,2.16
_2506_,2.16
_2653_,2.16
_2707_,2.16
_2851_,2.16
_2924_,2.16
_2953_,2.16
_3121_,2.16
_3138_,2.16
_3376_,2.16
_3388_,2.16
_3406_,2.16
_3463_,2.16
_3480_,2.16
_3492_,2.16
_3529_,2.16
_3797_,2.16
_3843_,2.16
_3900_,2.16
_4059_,2.16
net180,2.16
net195,2.16
net201,2.16
net250,2.16
_0018_,2.125
_0078_,2.125
_0112_,2.125
_0120_,2.125
_0159_,2.125
_0107_,2.085
_1523_,2.06
_1722_,2.06
_1991_,2.06
_2028_,2.06
_2194_,2.06
_2228_,2.06
_3111_,2.06
_3457_,2.06
_3938_,2.06
_4002_,2.06
_4023_,2.06
_0030_,2.04
_0037_,2.04
_0041_,2.04
_0291_,2.04
_0704_,2.04
_0756_,2.04
_1204_,2.04
_1251_,2.04
_1268_,2.04
_1289_,2.04
_1315_,2.04
_1510_,2.04
_1606_,2.04
_1628_,2.04
_2012_,2.04
_2017_,2.04
_2197_,2.04
_2504_,2.04
_2567_,2.04
_2647_,2.04
_2737_,2.04
_2738_,2.04
_2761_,2.04
_2795_,2.04
_2801_,2.04
_3067_,2.04
_3510_,2.04
_3551_,2.04
_3948_,2.04
_4117_,2.04
_4240_,2.04
net94,2.04
_0069_,2.025
_0074_,2.025
_0093_,2.025
_0167_,2.025
_0173_,2.025
_0214_,2.025
_0153_,2.005
_0895_,1.99
_0553_,1.95
_0353_,1.94
_1402_,1.94
_1629_,1.94
_2326_,1.94
_2338_,1.94
_2654_,1.94
_3024_,1.94
_3570_,1.94
_3589_,1.94
_3606_,1.94
_3617_,1.94
_3852_,1.94
_4183_,1.94
_3934_,1.93
_4302_,1.92
_0233_,1.915
_2280_,1.885
_2990_,1.885
_0066_,1.865
_0075_,1.865
_0082_,1.865
_0092_,1.865
_0094_,1.865
_0098_,1.865
_0162_,1.865
_0193_,1.865
_0202_,1.865
_0131_,1.845
_0136_,1.84
_0145_,1.84
_0148_,1.84
_0151_,1.84
_0155_,1.84
_0592_,1.84
_0823_,1.84
_0987_,1.84
_1194_,1.84
_1430_,1.84
_1748_,1.84
_1862_,1.84
_1892_,1.84
_1934_,1.84
_2611_,1.84
_2837_,1.84
_2912_,1.84
_3220_,1.84
_3322_,1.84
_3330_,1.84
_3720_,1.84
_3724_,1.84
_3734_,1.84
net205,1.84
net211,1.84
net242,1.84
_0031_,1.82
_0038_,1.82
_0044_,1.82
_0047_,1.82
_0052_,1.82
_0056_,1.82
_0142_,1.82
_0147_,1.82
_0154_,1.82
_0452_,1.82
_0473_,1.82
_1926_,1.82
_2112_,1.82
_2530_,1.82
_3760_,1.82
_3823_,1.82
_0068_,1.815
_0489_,1.72
_0599_,1.72
_0977_,1.72
_1178_,1.72
_1185_,1.72
_1280_,1.72
_1493_,1.72
_1729_,1.72
_2077_,1.72
_2320_,1.72
_2329_,1.72
_2385_,1.72
_2434_,1.72
_2943_,1.72
_2947_,1.72
_3229_,1.72
_3302_,1.72
_3356_,1.72
_3440_,1.72
_3592_,1.72
_3686_,1.72
_3981_,1.72
_4076_,1.72
_4279_,1.72
_1590_,1.71
_0128_,1.7
_0429_,1.7
_0723_,1.7
_0774_,1.7
_0867_,1.7
_0888_,1.7
_0991_,1.7
_1045_,1.7
_1227_,1.7
_1344_,1.7
_1388_,1.7
_1561_,1.7
_1571_,1.7
_1624_,1.7
_1669_,1.7
_1685_,1.7
_1866_,1.7
_2038_,1.7
_2105_,1.7
_2120_,1.7
_2173_,1.7
_2697_,1.7
_2897_,1.7
_2998_,1.7
_3032_,1.7
_3034_,1.7
_3223_,1.7
_3228_,1.7
_3263_,1.7
_3318_,1.7
_3595_,1.7
_3665_,1.7
_3792_,1.7
_3818_,1.7
_3903_,1.7
_3979_,1.7
net170,1.7
net172,1.7
net248,1.7
_4264_,1.68
_3630_,1.6
_4300_,1.6
_0105_,1.575
_3141_,1.575
_0702_,1.49
_3828_,1.49
_0410_,1.48
_1019_,1.48
_1036_,1.48
_1273_,1.48
_1479_,1.48
_1739_,1.48
_2303_,1.48
_2357_,1.48
_2538_,1.48
_2844_,1.48
_3023_,1.48
_3164_,1.48
_3465_,1.48
_3557_,1.48
_3616_,1.48
_3949_,1.48
net49,1.48
_0596_,1.46
_1444_,1.46
_0063_,1.405
_0089_,1.405
_0115_,1.405
_0478_,1.38
_0546_,1.38
_0568_,1.38
_0675_,1.38
_0793_,1.38
_0846_,1.38
_0923_,1.38
_1161_,1.38
_1297_,1.38
_1474_,1.38
_1553_,1.38
_1935_,1.38
_2059_,1.38
_2209_,1.38
_2802_,1.38
_3574_,1.38
_4091_,1.38
_4097_,1.38
_4109_,1.38
_4131_,1.38
_4136_,1.38
_4138_,1.38
_4192_,1.38
_4320_,1.38
net124,1.38
net165,1.38
net203,1.38
net227,1.38
_3438_,1.375
_0023_,1.36
_0028_,1.36
_0043_,1.36
_0053_,1.36
_0055_,1.36
_0144_,1.36
_3410_,1.36
_3424_,1.36
_3502_,1.36
_3754_,1.36
_0267_,1.26
_0391_,1.26
_0450_,1.26
_0663_,1.26
_0700_,1.26
_0927_,1.26
_1153_,1.26
_1242_,1.26
_1254_,1.26
_1403_,1.26
_1939_,1.26
_1982_,1.26
_2037_,1.26
_2520_,1.26
_2535_,1.26
_2663_,1.26
_2739_,1.26
_2839_,1.26
_2894_,1.26
_3349_,1.26
_3368_,1.26
_3547_,1.26
_3549_,1.26
_3612_,1.26
_3759_,1.26
_3894_,1.26
_0611_,1.165
_0228_,1.14
_0334_,1.14
_0430_,1.14
_0519_,1.14
_1433_,1.14
_1536_,1.14
_1899_,1.14
_2407_,1.14
_2966_,1.14
_3008_,1.14
_3099_,1.14
_3232_,1.14
_3351_,1.14
_3358_,1.14
_3416_,1.14
_3583_,1.14
_3963_,1.14
_4020_,1.14
net111,1.14
_0688_,1.02
_1246_,1.02
_1560_,1.02
_1577_,1.02
_1686_,1.02
_2332_,1.02
_2979_,1.02
_3418_,1.02
_3936_,1.02
_3966_,1.02
_0270_,0.92
_0273_,0.92
_0418_,0.92
_0542_,0.92
_0640_,0.92
_0727_,0.92
_0904_,0.92
_0989_,0.92
_1006_,0.92
_1090_,0.92
_1351_,0.92
_1537_,0.92
_1742_,0.92
_1943_,0.92
_3155_,0.92
_3270_,0.92
_3477_,0.92
_3642_,0.92
_3914_,0.92
_3923_,0.92
_4128_,0.92
_4129_,0.92
_4134_,0.92
net128,0.92
net142,0.92
net163,0.92
net194,0.92
_1480_,0.8
_2181_,0.8
_2435_,0.8
_0284_,0.46
_0605_,0.46
_0703_,0.46
_0828_,0.46
_1022_,0.46
_1443_,0.46
_1544_,0.46
_1657_,0.46
_1665_,0.46
_2056_,0.46
_2365_,0.46
_2864_,0.46
_3004_,0.46
_3185_,0.46
_3380_,0.46
_3427_,0.46
_3815_,0.46
_3832_,0.46
_3842_,0.46
_4043_,0.46
_4044_,0.46
_4049_,0.46
_4051_,0.46
_4057_,0.46
_4061_,0.46
_4063_,0.46
net155,0.46
net166,0.46
net179,0.46
net193,0.46
net246,0.46
net260,0.46
